date,state,death,deathConfirmed,deathIncrease,deathProbable,hospitalized,hospitalizedCumulative,hospitalizedCurrently,hospitalizedIncrease,inIcuCumulative,inIcuCurrently,negative,negativeIncrease,negativeTestsAntibody,negativeTestsPeopleAntibody,negativeTestsViral,onVentilatorCumulative,onVentilatorCurrently,positive,positiveCasesViral,positiveIncrease,positiveScore,positiveTestsAntibody,positiveTestsAntigen,positiveTestsPeopleAntibody,positiveTestsPeopleAntigen,positiveTestsViral,recovered,totalTestEncountersViral,totalTestEncountersViralIncrease,totalTestResults,totalTestResultsIncrease,totalTestsAntibody,totalTestsAntigen,totalTestsPeopleAntibody,totalTestsPeopleAntigen,totalTestsPeopleViral,totalTestsPeopleViralIncrease,totalTestsViral,totalTestsViralIncrease,percentPositiveIncrease,positiveIncreaseRate,hospitalizedIncreaseRate,deathIncreaseRate
2021-03-07,NY,39029.0,,59,,89995.0,89995.0,4789.0,0,,999.0,,0,,,,,682.0,1681169.0,,6789,0,,,,,,,39695100.0,227768,39695100.0,227768,,,,,,0,,0,0.0298066453584349,34.904884318766065,0.0,0.3033419023136247
2021-03-06,NY,38970.0,,79,,89995.0,89995.0,4954.0,0,,1012.0,,0,,,,,694.0,1674380.0,,7647,0,,,,,,,39467332.0,273132,39467332.0,273132,,,,,,0,,0,0.02799745178155617,39.31619537275064,0.0,0.40616966580976865
2021-03-05,NY,38891.0,,95,,89995.0,89995.0,5034.0,0,,1030.0,,0,,,,,700.0,1666733.0,,8956,0,,,,,,,39194200.0,296935,39194200.0,296935,,,,,,0,,0,0.030161483152878577,46.04627249357327,0.0,0.4884318766066838
2021-03-04,NY,38796.0,,61,,89995.0,89995.0,5177.0,0,,1043.0,,0,,,,,712.0,1657777.0,,7593,0,,,,,,,38897265.0,270089,38897265.0,270089,,,,,,0,,0,0.028112955359159388,39.03856041131105,0.0,0.31362467866323906
2021-03-03,NY,38735.0,,75,,89995.0,89995.0,5323.0,0,,1047.0,,0,,,,,735.0,1650184.0,,7704,0,,,,,,,38627176.0,218069,38627176.0,218069,,,,,,0,,0,0.0353282676584017,39.609254498714655,0.0,0.3856041131105398
2021-03-02,NY,38660.0,,83,,89995.0,89995.0,5369.0,0,,1076.0,,0,,,,,747.0,1642480.0,,5800,0,,,,,,,38409107.0,128034,38409107.0,128034,,,,,,0,,0,0.045300467063436274,29.82005141388175,0.0,0.4267352185089974
2021-03-01,NY,38577.0,,80,,89995.0,89995.0,5307.0,0,,1065.0,,0,,,,,741.0,1636680.0,,6235,0,,,,,,,38281073.0,174158,38281073.0,174158,,,,,,0,,0,0.03580082453863733,32.05655526992288,0.0,0.4113110539845758
2021-02-28,NY,38497.0,,90,,89995.0,89995.0,5259.0,0,,1083.0,,0,,,,,728.0,1630445.0,,7580,0,,,,,,,38106915.0,273720,38106915.0,273720,,,,,,0,,0,0.027692532514978812,38.971722365038566,0.0,0.46272493573264784
2021-02-27,NY,38407.0,,86,,89995.0,89995.0,5445.0,0,,1121.0,,0,,,,,753.0,1622865.0,,8141,0,,,,,,,37833195.0,285307,37833195.0,285307,,,,,,0,,0,0.02853417546712839,41.85604113110539,0.0,0.442159383033419
2021-02-26,NY,38321.0,,94,,89995.0,89995.0,5626.0,0,,1132.0,,0,,,,,771.0,1614724.0,,8204,0,,,,,,,37547888.0,291189,37547888.0,291189,,,,,,0,,0,0.02817414119352036,42.17994858611825,0.0,0.4832904884318766
2021-02-25,NY,38227.0,,92,,89995.0,89995.0,5703.0,0,,1124.0,,0,,,,,774.0,1606520.0,,8746,0,,,,,,,37256699.0,278942,37256699.0,278942,,,,,,0,,0,0.031354188325888536,44.96658097686375,0.0,0.4730077120822622
2021-02-24,NY,38135.0,,104,,89995.0,89995.0,5876.0,0,,1154.0,,0,,,,,800.0,1597774.0,,6189,0,,,,,,,36977757.0,216813,36977757.0,216813,,,,,,0,,0,0.02854533630363493,31.82005141388175,0.0,0.5347043701799487
2021-02-23,NY,38031.0,,90,,89995.0,89995.0,5977.0,0,,1176.0,,0,,,,,799.0,1591585.0,,6654,0,,,,,,,36760944.0,157333,36760944.0,157333,,,,,,0,,0,0.042292462484030686,34.210796915167094,0.0,0.46272493573264784
2021-02-22,NY,37941.0,,90,,89995.0,89995.0,5804.0,0,,1148.0,,0,,,,,780.0,1584931.0,,6146,0,,,,,,,36603611.0,142019,36603611.0,142019,,,,,,0,,0,0.04327589970356079,31.59897172236504,0.0,0.46272493573264784
2021-02-21,NY,37851.0,,75,,89995.0,89995.0,5764.0,0,,1162.0,,0,,,,,794.0,1578785.0,,6610,0,,,,,,,36461592.0,221157,36461592.0,221157,,,,,,0,,0,0.029888269419462193,33.98457583547558,0.0,0.3856041131105398
2021-02-20,NY,37776.0,,101,,89995.0,89995.0,5977.0,0,,1162.0,,0,,,,,801.0,1572175.0,,7692,0,,,,,,,36240435.0,251645,36240435.0,251645,,,,,,0,,0,0.03056686999543007,39.54755784061697,0.0,0.519280205655527
2021-02-19,NY,37675.0,,119,,89995.0,89995.0,6155.0,0,,1199.0,,0,,,,,834.0,1564483.0,,8710,0,,,,,,,35988790.0,249248,35988790.0,249248,,,,,,0,,0,0.034945114905636156,44.7814910025707,0.0,0.6118251928020566
2021-02-18,NY,37556.0,,116,,89995.0,89995.0,6434.0,0,,1258.0,,0,,,,,863.0,1555773.0,,6794,0,,,,,,,35739542.0,215731,35739542.0,215731,,,,,,0,,0,0.031492924058202115,34.9305912596401,0.0,0.596401028277635
2021-02-17,NY,37440.0,,112,,89995.0,89995.0,6574.0,0,,1273.0,,0,,,,,854.0,1548979.0,,6092,0,,,,,,,35523811.0,169963,35523811.0,169963,,,,,,0,,0,0.035843095261909944,31.32133676092545,0.0,0.5758354755784062
2021-02-16,NY,37328.0,,107,,89995.0,89995.0,6620.0,0,,1271.0,,0,,,,,878.0,1542887.0,,6753,0,,,,,,,35353848.0,136392,35353848.0,136392,,,,,,0,,0,0.049511701566074255,34.71979434447301,0.0,0.5501285347043702
2021-02-15,NY,37221.0,,103,,89995.0,89995.0,6623.0,0,,1270.0,,0,,,,,875.0,1536134.0,,6365,0,,,,,,,35217456.0,180504,35217456.0,180504,,,,,,0,,0,0.035262376457031425,32.724935732647815,0.0,0.5295629820051414
2021-02-14,NY,37118.0,,109,,89995.0,89995.0,6593.0,0,,1285.0,,0,,,,,881.0,1529769.0,,8316,0,,,,,,,35036952.0,234708,35036952.0,234708,,,,,,0,,0,0.03543125926683368,42.75578406169666,0.0,0.5604113110539846
2021-02-13,NY,37009.0,,127,,89995.0,89995.0,6888.0,0,,1328.0,,0,,,,,908.0,1521453.0,,8763,0,,,,,,,34802244.0,253563,34802244.0,253563,,,,,,0,,0,0.03455945859608855,45.05398457583548,0.0,0.6529562982005142
2021-02-12,NY,36882.0,,139,,89995.0,89995.0,7068.0,0,,1358.0,,0,,,,,941.0,1512690.0,,8404,0,,,,,,,34548681.0,237134,34548681.0,237134,,,,,,0,,0,0.035439877874956775,43.20822622107969,0.0,0.7146529562982006
2021-02-11,NY,36743.0,,124,,89995.0,89995.0,7342.0,0,,1402.0,,0,,,,,941.0,1504286.0,,10099,0,,,,,,,34311547.0,285499,34311547.0,285499,,,,,,0,,0,0.03537315367129132,51.922879177377894,0.0,0.6375321336760925
2021-02-10,NY,36619.0,,138,,89995.0,89995.0,7593.0,0,,1423.0,,0,,,,,955.0,1494187.0,,7101,0,,,,,,,34026048.0,176750,34026048.0,176750,,,,,,0,,0,0.040175388967468174,36.508997429305914,0.0,0.7095115681233933
2021-02-09,NY,36481.0,,142,,89995.0,89995.0,7875.0,0,,1412.0,,0,,,,,971.0,1487086.0,,7866,0,,,,,,,33849298.0,153648,33849298.0,153648,,,,,,0,,0,0.05119493908153702,40.44215938303342,0.0,0.7300771208226221
2021-02-08,NY,36339.0,,115,,89995.0,89995.0,7716.0,0,,1454.0,,0,,,,,961.0,1479220.0,,8448,0,,,,,,,33695650.0,197183,33695650.0,197183,,,,,,0,,0,0.042843449993153565,43.434447300771204,0.0,0.5912596401028277
2021-02-07,NY,36224.0,,145,,89995.0,89995.0,7649.0,0,,1459.0,,0,,,,,979.0,1470772.0,,10025,0,,,,,,,33498467.0,250892,33498467.0,250892,,,,,,0,,0,0.03995743188304131,51.542416452442154,0.0,0.7455012853470436
2021-02-06,NY,36079.0,,159,,89995.0,89995.0,7804.0,0,,1481.0,,0,,,,,995.0,1460747.0,,11252,0,,,,,,,33247575.0,261285,33247575.0,261285,,,,,,0,,0,0.04306408710794726,57.850899742930594,0.0,0.8174807197943446
2021-02-05,NY,35920.0,,153,,89995.0,89995.0,7937.0,0,,1516.0,,0,,,,,1000.0,1449495.0,,8777,0,,,,,,,32986290.0,203627,32986290.0,203627,,,,,,0,,0,0.04310332126879048,45.12596401028278,0.0,0.7866323907455013
2021-02-04,NY,35767.0,,136,,89995.0,89995.0,7967.0,0,,1506.0,,0,,,,,986.0,1440718.0,,7414,0,,,,,,,32782663.0,169186,32782663.0,169186,,,,,,0,,0,0.04382159280318702,38.11825192802057,0.0,0.699228791773779
2021-02-03,NY,35631.0,,165,,89995.0,89995.0,8082.0,0,,1522.0,,0,,,,,1003.0,1433304.0,,5925,0,,,,,,,32613477.0,126489,32613477.0,126489,,,,,,0,,0,0.04684201788297797,30.46272493573265,0.0,0.8483290488431876
2021-02-02,NY,35466.0,,147,,89995.0,89995.0,8067.0,0,,1503.0,,0,,,,,1004.0,1427379.0,,8215,0,,,,,,,32486988.0,150199,32486988.0,150199,,,,,,0,,0,0.05469410581961265,42.23650385604113,0.0,0.7557840616966581
2021-02-01,NY,35319.0,,141,,89995.0,89995.0,8003.0,0,,1500.0,,0,,,,,987.0,1419164.0,,8508,0,,,,,,,32336789.0,175038,32336789.0,175038,,,,,,0,,0,0.04860658828368697,43.742930591259636,0.0,0.724935732647815
2021-01-31,NY,35178.0,,142,,89995.0,89995.0,7976.0,0,,1534.0,,0,,,,,1008.0,1410656.0,,10793,0,,,,,,,32161751.0,243066,32161751.0,243066,,,,,,0,,0,0.04440357762912131,55.491002570694086,0.0,0.7300771208226221
2021-01-30,NY,35036.0,,143,,89995.0,89995.0,8176.0,0,,1551.0,,0,,,,,1017.0,1399863.0,,12804,0,,,,,,,31918685.0,269350,31918685.0,269350,,,,,,0,,0,0.04753666233525153,65.83033419023135,0.0,0.7352185089974292
2021-01-29,NY,34893.0,,151,,89995.0,89995.0,8357.0,0,,1543.0,,0,,,,,1012.0,1387059.0,,12579,0,,,,,,,31649335.0,270518,31649335.0,270518,,,,,,0,,0,0.04649967839478334,64.67352185089975,0.0,0.7763496143958869
2021-01-28,NY,34742.0,,163,,89995.0,89995.0,8520.0,0,,1584.0,,0,,,,,1024.0,1374480.0,,13398,0,,,,,,,31378817.0,250668,31378817.0,250668,,,,,,0,,0,0.05344918378093733,68.88431876606683,0.0,0.8380462724935733
2021-01-27,NY,34579.0,,172,,89995.0,89995.0,8771.0,0,,1558.0,,0,,,,,1027.0,1361082.0,,11028,0,,,,,,,31128149.0,202661,31128149.0,202661,,,,,,0,,0,0.05441599518407587,56.699228791773784,0.0,0.884318766066838
2021-01-26,NY,34407.0,,165,,89995.0,89995.0,8831.0,0,,1544.0,,0,,,,,1006.0,1350054.0,,11064,0,,,,,,,30925488.0,162938,30925488.0,162938,,,,,,0,,0,0.0679031287974567,56.88431876606683,0.0,0.8483290488431876
2021-01-25,NY,34242.0,,173,,89995.0,89995.0,8730.0,0,,1522.0,,0,,,,,1005.0,1338990.0,,12003,0,,,,,,,30762550.0,219538,30762550.0,219538,,,,,,0,,0,0.054673906111925956,61.7120822622108,0.0,0.8894601542416453
2021-01-24,NY,34069.0,,162,,89995.0,89995.0,8613.0,0,,1527.0,,0,,,,,997.0,1326987.0,,12720,0,,,,,,,30543012.0,249955,30543012.0,249955,,,,,,0,,0,0.050889160048808786,65.39845758354755,0.0,0.8329048843187661
2021-01-23,NY,33907.0,,144,,89995.0,89995.0,8802.0,0,,1562.0,,0,,,,,1023.0,1314267.0,,13786,0,,,,,,,30293057.0,262106,30293057.0,262106,,,,,,0,,0,0.052597040891852916,70.87917737789203,0.0,0.7403598971722365
2021-01-22,NY,33763.0,,169,,89995.0,89995.0,8846.0,0,,1546.0,,0,,,,,992.0,1300481.0,,15144,0,,,,,,,30030951.0,268001,30030951.0,268001,,,,,,0,,0,0.05650725183861254,77.8611825192802,0.0,0.8688946015424165
2021-01-21,NY,33594.0,,179,,89995.0,89995.0,9055.0,0,,1560.0,,0,,,,,1011.0,1285337.0,,13886,0,,,,,,,29762950.0,224569,29762950.0,224569,,,,,,0,,0,0.06183400202165036,71.39331619537275,0.0,0.9203084832904884
2021-01-20,NY,33415.0,,191,,89995.0,89995.0,9273.0,0,,1621.0,,0,,,,,1044.0,1271451.0,,13364,0,,,,,,,29538381.0,195409,29538381.0,195409,,,,,,0,,0,0.06838988992318676,68.70951156812339,0.0,0.9820051413881749
2021-01-19,NY,33224.0,,172,,89995.0,89995.0,9236.0,0,,1614.0,,0,,,,,1049.0,1258087.0,,12512,0,,,,,,,29342972.0,177269,29342972.0,177269,,,,,,0,,0,0.07058199685224151,64.32904884318766,0.0,0.884318766066838
2021-01-18,NY,33052.0,,155,,89995.0,89995.0,8868.0,0,,1523.0,,0,,,,,997.0,1245575.0,,12185,0,,,,,,,29165703.0,186205,29165703.0,186205,,,,,,0,,0,0.06543862946752235,62.64781491002571,0.0,0.7969151670951157
2021-01-17,NY,32897.0,,172,,89995.0,89995.0,8771.0,0,,1550.0,,0,,,,,1004.0,1233390.0,,13842,0,,,,,,,28979498.0,246507,28979498.0,246507,,,,,,0,,0,0.05615256361888303,71.16709511568124,0.0,0.884318766066838
2021-01-16,NY,32725.0,,159,,89995.0,89995.0,8888.0,0,,1580.0,,0,,,,,983.0,1219548.0,,15998,0,,,,,,,28732991.0,277286,28732991.0,277286,,,,,,0,,0,0.057694943127312596,82.25192802056556,0.0,0.8174807197943446
2021-01-15,NY,32566.0,,187,,89995.0,89995.0,8808.0,0,,1570.0,,0,,,,,962.0,1203550.0,,19942,0,,,,,,,28455705.0,324671,28455705.0,324671,,,,,,0,,0,0.06142217814341287,102.52956298200515,0.0,0.961439588688946
2021-01-14,NY,32379.0,,204,,89995.0,89995.0,8823.0,0,,1536.0,,0,,,,,956.0,1183608.0,,13661,0,,,,,,,28131034.0,212589,28131034.0,212589,,,,,,0,,0,0.06426014516273185,70.23650385604113,0.0,1.0488431876606683
2021-01-13,NY,32175.0,,168,,89995.0,89995.0,8929.0,0,,1501.0,,0,,,,,924.0,1169947.0,,14577,0,,,,,,,27918445.0,196868,27918445.0,196868,,,,,,0,,0,0.07404453745656989,74.94601542416453,0.0,0.8637532133676092
2021-01-12,NY,32007.0,,166,,89995.0,89995.0,8926.0,0,,1492.0,,0,,,,,909.0,1155370.0,,15214,0,,,,,,,27721577.0,196671,27721577.0,196671,,,,,,0,,0,0.07735761754402022,78.2210796915167,0.0,0.8534704370179949
2021-01-11,NY,31841.0,,169,,89995.0,89995.0,8645.0,0,,1426.0,,0,,,,,891.0,1140156.0,,13714,0,,,,,,,27524906.0,203904,27524906.0,203904,,,,,,0,,0,0.06725714061519146,70.50899742930591,0.0,0.8688946015424165
2021-01-10,NY,31672.0,,153,,89995.0,89995.0,8484.0,0,,1436.0,,0,,,,,892.0,1126442.0,,15355,0,,,,,,,27321002.0,246836,27321002.0,246836,,,,,,0,,0,0.062207295532256235,78.94601542416453,0.0,0.7866323907455013
2021-01-09,NY,31519.0,,190,,89995.0,89995.0,8527.0,0,,1428.0,,0,,,,,876.0,1111087.0,,16943,0,,,,,,,27074166.0,258031,27074166.0,258031,,,,,,0,,0,0.0656626529370502,87.11053984575835,0.0,0.9768637532133676
2021-01-08,NY,31329.0,,165,,89995.0,89995.0,8561.0,0,,1475.0,,0,,,,,912.0,1094144.0,,18832,0,,,,,,,26816135.0,243903,26816135.0,243903,,,,,,0,,0,0.07721102241464844,96.82262210796915,0.0,0.8483290488431876
2021-01-07,NY,31164.0,,199,,89995.0,89995.0,8548.0,0,,1424.0,,0,,,,,859.0,1075312.0,,17636,0,,,,,,,26572232.0,238550,26572232.0,238550,,,,,,0,,0,0.07392999371201006,90.67352185089975,0.0,1.0231362467866323
2021-01-06,NY,30965.0,,163,,89995.0,89995.0,8665.0,0,,1408.0,,0,,,,,851.0,1057676.0,,16648,0,,,,,,,26333682.0,197816,26333682.0,197816,,,,,,0,,0,0.08415901645974036,85.59383033419023,0.0,0.8380462724935733
2021-01-05,NY,30802.0,,154,,89995.0,89995.0,8590.0,0,,1392.0,,0,,,,,851.0,1041028.0,,12666,0,,,,,,,26135866.0,152402,26135866.0,152402,,,,,,0,,0,0.08310914554927101,65.12082262210797,0.0,0.7917737789203085
2021-01-04,NY,30648.0,,172,,89995.0,89995.0,8251.0,0,,1357.0,,0,,,,,843.0,1028362.0,,11209,0,,,,,,,25983464.0,134360,25983464.0,134360,,,,,,0,,0,0.08342512652575171,57.62982005141389,0.0,0.884318766066838
2021-01-03,NY,30476.0,,139,,89995.0,89995.0,7963.0,0,,1344.0,,0,,,,,815.0,1017153.0,,11368,0,,,,,,,25849104.0,142345,25849104.0,142345,,,,,,0,,0,0.07986230636833047,58.447300771208226,0.0,0.7146529562982006
2021-01-02,NY,30337.0,,129,,89995.0,89995.0,7814.0,0,,1321.0,,0,,,,,786.0,1005785.0,,15074,0,,,,,,,25706759.0,202446,25706759.0,202446,,,,,,0,,0,0.07445936200270689,77.5012853470437,0.0,0.6632390745501285
2021-01-01,NY,30208.0,,168,,89995.0,89995.0,7886.0,0,,1292.0,,0,,,,,776.0,990711.0,,16497,0,,,,,,,25504313.0,219253,25504313.0,219253,,,,,,0,,0,0.07524184389723287,84.81748071979435,0.0,0.8637532133676092
2020-12-31,NY,30040.0,,135,,89995.0,89995.0,7935.0,0,,1276.0,,0,,,,,723.0,974214.0,,16802,0,,,,,,,25285060.0,216587,25285060.0,216587,,,,,,0,,0,0.077576216485754,86.38560411311055,0.0,0.6940874035989717
2020-12-30,NY,29905.0,,149,,89995.0,89995.0,7892.0,0,,1250.0,,0,,,,,702.0,957412.0,,13422,0,,,,,,,25068473.0,154949,25068473.0,154949,,,,,,0,,0,0.0866220498357524,69.0077120822622,0.0,0.7660668380462724
2020-12-29,NY,29756.0,,127,,89995.0,89995.0,7814.0,0,,1224.0,,0,,,,,711.0,943990.0,,11438,0,,,,,,,24913524.0,160164,24913524.0,160164,,,,,,0,,0,0.0714143003421493,58.80719794344473,0.0,0.6529562982005142
2020-12-28,NY,29629.0,,118,,89995.0,89995.0,7559.0,0,,1222.0,,0,,,,,717.0,932552.0,,10407,0,,,,,,,24753360.0,124866,24753360.0,124866,,,,,,0,,0,0.08334534621113834,53.50642673521851,0.0,0.6066838046272494
2020-12-27,NY,29511.0,,115,,89995.0,89995.0,7183.0,0,,1187.0,,0,,,,,687.0,922145.0,,7623,0,,,,,,,24628494.0,130299,24628494.0,130299,,,,,,0,,0,0.058503902562567635,39.19280205655527,0.0,0.5912596401028277
2020-12-26,NY,29396.0,,126,,89995.0,89995.0,6884.0,0,,1129.0,,0,,,,,638.0,914522.0,,10806,0,,,,,,,24498195.0,201442,24498195.0,201442,,,,,,0,,0,0.05364323229515196,55.55784061696657,0.0,0.6478149100257069
2020-12-25,NY,29270.0,,121,,89995.0,89995.0,6950.0,0,,1148.0,,0,,,,,621.0,903716.0,,12446,0,,,,,,,24296753.0,226560,24296753.0,226560,,,,,,0,,0,0.054934675141242936,63.98971722365039,0.0,0.6221079691516709
2020-12-24,NY,29149.0,,133,,89995.0,89995.0,6928.0,0,,1160.0,,0,,,,,621.0,891270.0,,12568,0,,,,,,,24070193.0,226296,24070193.0,226296,,,,,,0,,0,0.055537879591331704,64.61696658097686,0.0,0.6838046272493573
2020-12-23,NY,29016.0,,166,,89995.0,89995.0,6864.0,0,,1166.0,,0,,,,,633.0,878702.0,,11937,0,,,,,,,23843897.0,204361,23843897.0,204361,,,,,,0,,0,0.05841134071569429,61.372750642673516,0.0,0.8534704370179949
2020-12-22,NY,28850.0,,141,,89995.0,89995.0,6661.0,0,,1126.0,,0,,,,,614.0,866765.0,,9716,0,,,,,,,23639536.0,164868,23639536.0,164868,,,,,,0,,0,0.05893199408011258,49.95372750642674,0.0,0.724935732647815
2020-12-21,NY,28709.0,,111,,89995.0,89995.0,6331.0,0,,1095.0,,0,,,,,613.0,857049.0,,9007,0,,,,,,,23474668.0,156510,23474668.0,156510,,,,,,0,,0,0.05754903840010223,46.30848329048843,0.0,0.570694087403599
2020-12-20,NY,28598.0,,124,,89995.0,89995.0,6185.0,0,,1045.0,,0,,,,,600.0,848042.0,,9957,0,,,,,,,23318158.0,197251,23318158.0,197251,,,,,,0,,0,0.05047883153951057,51.192802056555266,0.0,0.6375321336760925
2020-12-19,NY,28474.0,,130,,89995.0,89995.0,6208.0,0,,1088.0,,0,,,,,610.0,838085.0,,9919,0,,,,,,,23120907.0,191476,23120907.0,191476,,,,,,0,,0,0.05180283690906432,50.9974293059126,0.0,0.6683804627249358
2020-12-18,NY,28344.0,,122,,89995.0,89995.0,6081.0,0,,1068.0,,0,,,,,592.0,828166.0,,12697,0,,,,,,,22929431.0,249385,22929431.0,249385,,,,,,0,,0,0.050913246586603046,65.280205655527,0.0,0.6272493573264781
2020-12-17,NY,28222.0,,122,,89995.0,89995.0,6147.0,0,,1095.0,,0,,,,,611.0,815469.0,,10914,0,,,,,,,22680046.0,202772,22680046.0,202772,,,,,,0,,0,0.05382399936874914,56.11311053984576,0.0,0.6272493573264781
2020-12-16,NY,28100.0,,98,,89995.0,89995.0,6097.0,0,,1098.0,,0,,,,,611.0,804555.0,,9998,0,,,,,,,22477274.0,160947,22477274.0,160947,,,,,,0,,0,0.06211982826644796,51.40359897172237,0.0,0.5038560411311054
2020-12-15,NY,28002.0,,132,,89995.0,89995.0,5982.0,0,,1065.0,,0,,,,,580.0,794557.0,,10353,0,,,,,,,22316327.0,194188,22316327.0,194188,,,,,,0,,0,0.05331431396378767,53.228791773778916,0.0,0.6786632390745501
2020-12-14,NY,27870.0,,85,,89995.0,89995.0,5712.0,0,,1040.0,,0,,,,,567.0,784204.0,,9044,0,,,,,,,22122139.0,159844,22122139.0,159844,,,,,,0,,0,0.05658016566151998,46.4987146529563,0.0,0.43701799485861187
2020-12-13,NY,27785.0,,110,,89995.0,89995.0,5410.0,0,,1009.0,,0,,,,,567.0,775160.0,,10194,0,,,,,,,21962295.0,205250,21962295.0,205250,,,,,,0,,0,0.04966626065773447,52.41131105398457,0.0,0.5655526992287917
2020-12-12,NY,27675.0,,88,,89995.0,89995.0,5359.0,0,,1029.0,,0,,,,,563.0,764966.0,,11129,0,,,,,,,21757045.0,242927,21757045.0,242927,,,,,,0,,0,0.04581211639710695,57.21850899742931,0.0,0.4524421593830334
2020-12-11,NY,27587.0,,89,,89995.0,89995.0,5321.0,0,,1007.0,,0,,,,,546.0,753837.0,,10595,0,,,,,,,21514118.0,212672,21514118.0,212672,,,,,,0,,0,0.04981849984953356,54.473007712082264,0.0,0.4575835475578406
2020-12-10,NY,27498.0,,94,,89995.0,89995.0,5164.0,0,,994.0,,0,,,,,539.0,743242.0,,10178,0,,,,,,,21301446.0,197406,21301446.0,197406,,,,,,0,,0,0.051558716553701506,52.32904884318766,0.0,0.4832904884318766
2020-12-09,NY,27404.0,,97,,89995.0,89995.0,4993.0,0,,952.0,,0,,,,,521.0,733064.0,,10600,0,,,,,,,21104040.0,194595,21104040.0,194595,,,,,,0,,0,0.05447210873866235,54.498714652956295,0.0,0.4987146529562982
2020-12-08,NY,27307.0,,75,,89995.0,89995.0,4835.0,0,,906.0,,0,,,,,493.0,722464.0,,9335,0,,,,,,,20909445.0,162464,20909445.0,162464,,,,,,0,,0,0.057458883198739416,47.994858611825194,0.0,0.3856041131105398
2020-12-07,NY,27232.0,,83,,89995.0,89995.0,4602.0,0,,872.0,,0,,,,,464.0,713129.0,,7302,0,,,,,,,20746981.0,152287,20746981.0,152287,,,,,,0,,0,0.047948938517404636,37.54241645244216,0.0,0.4267352185089974
2020-12-06,NY,27149.0,,60,,89995.0,89995.0,4442.0,0,,850.0,,0,,,,,464.0,705827.0,,9702,0,,,,,,,20594694.0,205832,20594694.0,205832,,,,,,0,,0,0.04713552800342027,49.88174807197943,0.0,0.30848329048843187
2020-12-05,NY,27089.0,,72,,89995.0,89995.0,4318.0,0,,825.0,,0,,,,,435.0,696125.0,,10761,0,,,,,,,20388862.0,215401,20388862.0,215401,,,,,,0,,0,0.04995798533897243,55.32647814910026,0.0,0.37017994858611825
2020-12-04,NY,27017.0,,62,,89995.0,89995.0,4222.0,0,,795.0,,0,,,,,377.0,685364.0,,11271,0,,,,,,,20173461.0,208297,20173461.0,208297,,,,,,0,,0,0.05411023682530233,57.94858611825193,0.0,0.31876606683804626
2020-12-03,NY,26955.0,,66,,89995.0,89995.0,4063.0,0,,783.0,,0,,,,,373.0,674093.0,,9855,0,,,,,,,19965164.0,203440,19965164.0,203440,,,,,,0,,0,0.04844180102241447,50.66838046272493,0.0,0.33933161953727503
2020-12-02,NY,26889.0,,73,,89995.0,89995.0,3924.0,0,,742.0,,0,,,,,373.0,664238.0,,8973,0,,,,,,,19761724.0,193551,19761724.0,193551,,,,,,0,,0,0.046359874141699085,46.13367609254499,0.0,0.37532133676092544
2020-12-01,NY,26816.0,,69,,89995.0,89995.0,3774.0,0,,718.0,,0,,,,,348.0,655265.0,,7285,0,,,,,,,19568173.0,146675,19568173.0,146675,,,,,,0,,0,0.049667632520879496,37.455012853470436,0.0,0.35475578406169667
2020-11-30,NY,26747.0,,57,,89995.0,89995.0,3532.0,0,,681.0,,0,,,,,325.0,647980.0,,6819,0,,,,,,,19421498.0,148974,19421498.0,148974,,,,,,0,,0,0.04577308792138225,35.059125964010285,0.0,0.2930591259640103
2020-11-29,NY,26690.0,,58,,89995.0,89995.0,3372.0,0,,667.0,,0,,,,,326.0,641161.0,,6723,0,,,,,,,19272524.0,157320,19272524.0,157320,,,,,,0,,0,0.04273455377574371,34.56555269922879,0.0,0.2982005141388175
2020-11-28,NY,26632.0,,44,,89995.0,89995.0,3287.0,0,,654.0,,0,,,,,331.0,634438.0,,6063,0,,,,,,,19115204.0,152355,19115204.0,152355,,,,,,0,,0,0.03979521512257556,31.17223650385604,0.0,0.2262210796915167
2020-11-27,NY,26588.0,,39,,89995.0,89995.0,3103.0,0,,636.0,,0,,,,,294.0,628375.0,,8176,0,,,,,,,18962849.0,219442,18962849.0,219442,,,,,,0,,0,0.03725813654633115,42.03598971722365,0.0,0.2005141388174807
2020-11-26,NY,26549.0,,67,,89995.0,89995.0,3056.0,0,,628.0,,0,,,,,286.0,620199.0,,6933,0,,,,,,,18743407.0,217721,18743407.0,217721,,,,,,0,,0,0.031843506138590216,35.645244215938305,0.0,0.3444730077120822
2020-11-25,NY,26482.0,,41,,89995.0,89995.0,2982.0,0,,596.0,,0,,,,,277.0,613266.0,,6265,0,,,,,,,18525686.0,173085,18525686.0,173085,,,,,,0,,0,0.03619608862697519,32.210796915167094,0.0,0.21079691516709512
2020-11-24,NY,26441.0,,51,,89995.0,89995.0,2856.0,0,,559.0,,0,,,,,263.0,607001.0,,4881,0,,,,,,,18352601.0,164761,18352601.0,164761,,,,,,0,,0,0.029624729153136967,25.095115681233935,0.0,0.2622107969151671
2020-11-23,NY,26390.0,,33,,89995.0,89995.0,2724.0,0,,545.0,,0,,,,,234.0,602120.0,,5906,0,,,,,,,18187840.0,191489,18187840.0,191489,,,,,,0,,0,0.030842502702505104,30.365038560411314,0.0,0.16966580976863752
2020-11-22,NY,26357.0,,31,,89995.0,89995.0,2562.0,0,,502.0,,0,,,,,234.0,596214.0,,5392,0,,,,,,,17996351.0,196610,17996351.0,196610,,,,,,0,,0,0.027424851228320023,27.722365038560408,0.0,0.15938303341902313
2020-11-21,NY,26326.0,,34,,89995.0,89995.0,2443.0,0,,467.0,,0,,,,,212.0,590822.0,,5972,0,,,,,,,17799741.0,207907,17799741.0,207907,,,,,,0,,0,0.028724381574453964,30.704370179948587,0.0,0.17480719794344474
2020-11-20,NY,26292.0,,35,,89995.0,89995.0,2348.0,0,,445.0,,0,,,,,205.0,584850.0,,5468,0,,,,,,,17591834.0,205466,17591834.0,205466,,,,,,0,,0,0.026612675576494407,28.11311053984576,0.0,0.17994858611825193
2020-11-19,NY,26257.0,,32,,89995.0,89995.0,2276.0,0,,437.0,,0,,,,,200.0,579382.0,,5310,0,,,,,,,17386368.0,195239,17386368.0,195239,,,,,,0,,0,0.02719743493871614,27.30077120822622,0.0,0.16452442159383035
2020-11-18,NY,26225.0,,36,,89995.0,89995.0,2202.0,0,,423.0,,0,,,,,176.0,574072.0,,5294,0,,,,,,,17191129.0,154434,17191129.0,154434,,,,,,0,,0,0.03428001605863994,27.218508997429307,0.0,0.18508997429305912
2020-11-17,NY,26189.0,,30,,89995.0,89995.0,2124.0,0,,408.0,,0,,,,,176.0,568778.0,,5088,0,,,,,,,17036695.0,159852,17036695.0,159852,,,,,,0,,0,0.03182944223406651,26.159383033419026,0.0,0.15424164524421594
2020-11-16,NY,26159.0,,26,,89995.0,89995.0,1968.0,0,,391.0,,0,,,,,158.0,563690.0,,3490,0,,,,,,,16876843.0,124565,16876843.0,124565,,,,,,0,,0,0.028017500903142936,17.943444730077122,0.0,0.13367609254498716
2020-11-15,NY,26133.0,,30,,89995.0,89995.0,1845.0,0,,378.0,,0,,,,,158.0,560200.0,,3649,0,,,,,,,16752278.0,133202,16752278.0,133202,,,,,,0,,0,0.027394483566312817,18.760925449871465,0.0,0.15424164524421594
2020-11-14,NY,26103.0,,24,,89995.0,89995.0,1788.0,0,,367.0,,0,,,,,146.0,556551.0,,5388,0,,,,,,,16619076.0,184162,16619076.0,184162,,,,,,0,,0,0.02925684994732898,27.701799485861184,0.0,0.12339331619537273
2020-11-13,NY,26079.0,,24,,89995.0,89995.0,1737.0,0,,331.0,,0,,,,,137.0,551163.0,,5401,0,,,,,,,16434914.0,203721,16434914.0,203721,,,,,,0,,0,0.026511748911501515,27.768637532133674,0.0,0.12339331619537273
2020-11-12,NY,26055.0,,29,,89995.0,89995.0,1677.0,0,,308.0,,0,,,,,136.0,545762.0,,4797,0,,,,,,,16231193.0,162627,16231193.0,162627,,,,,,0,,0,0.02949694700142043,24.663239074550127,0.0,0.14910025706940874
2020-11-11,NY,26026.0,,21,,89995.0,89995.0,1628.0,0,,304.0,,0,,,,,135.0,540965.0,,4820,0,,,,,,,16068566.0,164300,16068566.0,164300,,,,,,0,,0,0.029336579427875837,24.781491002570693,0.0,0.10796915167095116
2020-11-10,NY,26005.0,,32,,89995.0,89995.0,1548.0,0,,296.0,,0,,,,,128.0,536145.0,,3965,0,,,,,,,15904266.0,128036,15904266.0,128036,,,,,,0,,0,0.030967852791402416,20.38560411311054,0.0,0.16452442159383035
2020-11-09,NY,25973.0,,26,,89995.0,89995.0,1444.0,0,,282.0,,0,,,,,125.0,532180.0,,3144,0,,,,,,,15776230.0,111416,15776230.0,111416,,,,,,0,,0,0.028218568248725498,16.16452442159383,0.0,0.13367609254498716
2020-11-08,NY,25947.0,,19,,89995.0,89995.0,1396.0,0,,295.0,,0,,,,,131.0,529036.0,,3428,0,,,,,,,15664814.0,145642,15664814.0,145642,,,,,,0,,0,0.023537166476703147,17.624678663239077,0.0,0.09768637532133677
2020-11-07,NY,25928.0,,18,,89995.0,89995.0,1381.0,0,,308.0,,0,,,,,138.0,525608.0,,3587,0,,,,,,,15519172.0,163291,15519172.0,163291,,,,,,0,,0,0.02196691795628663,18.442159383033417,0.0,0.09254498714652956
2020-11-06,NY,25910.0,,18,,89995.0,89995.0,1321.0,0,,285.0,,0,,,,,129.0,522021.0,,3209,0,,,,,,,15355881.0,160705,15355881.0,160705,,,,,,0,,0,0.019968264833079244,16.4987146529563,0.0,0.09254498714652956
2020-11-05,NY,25892.0,,24,,89995.0,89995.0,1277.0,0,,268.0,,0,,,,,128.0,518812.0,,2997,0,,,,,,,15195176.0,161019,15195176.0,161019,,,,,,0,,0,0.018612710301268796,15.408740359897173,0.0,0.12339331619537273
2020-11-04,NY,25868.0,,15,,89995.0,89995.0,1253.0,0,,284.0,,0,,,,,129.0,515815.0,,2126,0,,,,,,,15034157.0,133534,15034157.0,133534,,,,,,0,,0,0.01592103883655099,10.930591259640103,0.0,0.07712082262210797
2020-11-03,NY,25853.0,,15,,89995.0,89995.0,1227.0,0,,268.0,,0,,,,,120.0,513689.0,,2321,0,,,,,,,14900623.0,127869,14900623.0,127869,,,,,,0,,0,0.018151389312499513,11.933161953727506,0.0,0.07712082262210797
2020-11-02,NY,25838.0,,14,,89995.0,89995.0,1151.0,0,,276.0,,0,,,,,117.0,511368.0,,1633,0,,,,,,,14772754.0,96101,14772754.0,96101,,,,,,0,,0,0.016992539099489078,8.395886889460154,0.0,0.07197943444730077
2020-11-01,NY,25824.0,,17,,89995.0,89995.0,1125.0,0,,259.0,,0,,,,,117.0,509735.0,,2255,0,,,,,,,14676653.0,148935,14676653.0,148935,,,,,,0,,0,0.015140833249404103,11.593830334190232,0.0,0.08740359897172237
2020-10-31,NY,25807.0,,3,,89995.0,89995.0,1121.0,0,,248.0,,0,,,,,122.0,507480.0,,2049,0,,,,,,,14527718.0,136962,14527718.0,136962,,,,,,0,,0,0.014960353966793708,10.534704370179949,0.0,0.015424164524421592
2020-10-30,NY,25804.0,,12,,89995.0,89995.0,1085.0,0,,243.0,,0,,,,,116.0,505431.0,,2255,0,,,,,,,14390756.0,146885,14390756.0,146885,,,,,,0,,0,0.015352146236851959,11.593830334190232,0.0,0.06169665809768637
2020-10-29,NY,25792.0,,19,,89995.0,89995.0,1085.0,0,,237.0,,0,,,,,114.0,503176.0,,2499,0,,,,,,,14243871.0,168353,14243871.0,168353,,,,,,0,,0,0.014843810327110298,12.848329048843187,0.0,0.09768637532133677
2020-10-28,NY,25773.0,,15,,89995.0,89995.0,1085.0,0,,236.0,,0,,,,,120.0,500677.0,,2031,0,,,,,,,14075518.0,129660,14075518.0,129660,,,,,,0,,0,0.015664044423877834,10.442159383033419,0.0,0.07712082262210797
2020-10-27,NY,25758.0,,16,,89995.0,89995.0,1083.0,0,,233.0,,0,,,,,120.0,498646.0,,1991,0,,,,,,,13945858.0,111618,13945858.0,111618,,,,,,0,,0,0.01783762475586375,10.23650385604113,0.0,0.08226221079691518
2020-10-26,NY,25742.0,,12,,89995.0,89995.0,1059.0,0,,237.0,,0,,,,,118.0,496655.0,,1191,0,,,,,,,13834240.0,82117,13834240.0,82117,,,,,,0,,0,0.014503695946028228,6.123393316195373,0.0,0.06169665809768637
2020-10-25,NY,25730.0,,12,,89995.0,89995.0,1015.0,0,,227.0,,0,,,,,118.0,495464.0,,1632,0,,,,,,,13752123.0,120830,13752123.0,120830,,,,,,0,,0,0.013506579491848051,8.390745501285346,0.0,0.06169665809768637
2020-10-24,NY,25718.0,,13,,89995.0,89995.0,1045.0,0,,231.0,,0,,,,,113.0,493832.0,,2061,0,,,,,,,13631293.0,156940,13631293.0,156940,,,,,,0,,0,0.013132407289409965,10.596401028277635,0.0,0.06683804627249358
2020-10-23,NY,25705.0,,11,,89995.0,89995.0,1023.0,0,,223.0,,0,,,,,109.0,491771.0,,1637,0,,,,,,,13474353.0,141508,13474353.0,141508,,,,,,0,,0,0.011568250558272325,8.416452442159382,0.0,0.056555269922879174
2020-10-22,NY,25694.0,,15,,89995.0,89995.0,986.0,0,,209.0,,0,,,,,106.0,490134.0,,1628,0,,,,,,,13332845.0,135341,13332845.0,135341,,,,,,0,,0,0.012028875211502796,8.370179948586118,0.0,0.07712082262210797
2020-10-21,NY,25679.0,,7,,89995.0,89995.0,950.0,0,,201.0,,0,,,,,103.0,488506.0,,2026,0,,,,,,,13197504.0,124789,13197504.0,124789,,,,,,0,,0,0.016235405364254864,10.416452442159382,0.0,0.03598971722365039
2020-10-20,NY,25672.0,,13,,89995.0,89995.0,942.0,0,,194.0,,0,,,,,99.0,486480.0,,1201,0,,,,,,,13072715.0,90540,13072715.0,90540,,,,,,0,,0,0.01326485531256903,6.174807197943445,0.0,0.06683804627249358
2020-10-19,NY,25659.0,,15,,89995.0,89995.0,934.0,0,,198.0,,0,,,,,106.0,485279.0,,998,0,,,,,,,12982175.0,82009,12982175.0,82009,,,,,,0,,0,0.01216939604189784,5.131105398457583,0.0,0.07712082262210797
2020-10-18,NY,25644.0,,7,,89995.0,89995.0,913.0,0,,200.0,,0,,,,,102.0,484281.0,,1390,0,,,,,,,12900166.0,128763,12900166.0,128763,,,,,,0,,0,0.010795026521593936,7.146529562982006,0.0,0.03598971722365039
2020-10-17,NY,25637.0,,9,,89995.0,89995.0,929.0,0,,195.0,,0,,,,,103.0,482891.0,,1784,0,,,,,,,12771403.0,159972,12771403.0,159972,,,,,,0,,0,0.011151951591528517,9.172236503856041,0.0,0.04627249357326478
2020-10-16,NY,25628.0,,10,,89995.0,89995.0,918.0,0,,200.0,,0,,,,,97.0,481107.0,,1707,0,,,,,,,12611431.0,136039,12611431.0,136039,,,,,,0,,0,0.012547872301325355,8.776349614395887,0.0,0.051413881748071974
2020-10-15,NY,25618.0,,13,,89995.0,89995.0,897.0,0,,197.0,,0,,,,,95.0,479400.0,,1460,0,,,,,,,12475392.0,133212,12475392.0,133212,,,,,,0,,0,0.010959973575954119,7.5064267352185094,0.0,0.06683804627249358
2020-10-14,NY,25605.0,,7,,89995.0,89995.0,938.0,0,,201.0,,0,,,,,100.0,477940.0,,1232,0,,,,,,,12342180.0,111744,12342180.0,111744,,,,,,0,,0,0.01102520045819015,6.334190231362468,0.0,0.03598971722365039
2020-10-13,NY,25598.0,,11,,89995.0,89995.0,923.0,0,,181.0,,0,,,,,90.0,476708.0,,1393,0,,,,,,,12230436.0,99070,12230436.0,99070,,,,,,0,,0,0.014060765115574846,7.161953727506426,0.0,0.056555269922879174
2020-10-12,NY,25587.0,,13,,89995.0,89995.0,878.0,0,,185.0,,0,,,,,84.0,475315.0,,1029,0,,,,,,,12131366.0,91793,12131366.0,91793,,,,,,0,,0,0.011210005120216138,5.290488431876607,0.0,0.06683804627249358
2020-10-11,NY,25574.0,,5,,89995.0,89995.0,820.0,0,,186.0,,0,,,,,84.0,474286.0,,1143,0,,,,,,,12039573.0,118254,12039573.0,118254,,,,,,0,,0,0.009665634989091279,5.876606683804627,0.0,0.025706940874035987
2020-10-10,NY,25569.0,,8,,89995.0,89995.0,826.0,0,,179.0,,0,,,,,81.0,473143.0,,1447,0,,,,,,,11921319.0,134579,11921319.0,134579,,,,,,0,,0,0.010752048982382096,7.439588688946015,0.0,0.04113110539845759
2020-10-09,NY,25561.0,,6,,89995.0,89995.0,779.0,0,,168.0,,0,,,,,78.0,471696.0,,1592,0,,,,,,,11786740.0,139300,11786740.0,139300,,,,,,0,,0,0.011428571428571429,8.185089974293058,0.0,0.030848329048843184
2020-10-08,NY,25555.0,,10,,89995.0,89995.0,754.0,0,,172.0,,0,,,,,67.0,470104.0,,1836,0,,,,,,,11647440.0,145811,11647440.0,145811,,,,,,0,,0,0.012591642605839065,9.439588688946015,0.0,0.051413881748071974
2020-10-07,NY,25545.0,,9,,89995.0,89995.0,748.0,0,,176.0,,0,,,,,72.0,468268.0,,1360,0,,,,,,,11501629.0,108246,11501629.0,108246,,,,,,0,,0,0.0125639746503335,6.99228791773779,0.0,0.04627249357326478
2020-10-06,NY,25536.0,,9,,89995.0,89995.0,705.0,0,,158.0,,0,,,,,72.0,466908.0,,1393,0,,,,,,,11393383.0,96359,11393383.0,96359,,,,,,0,,0,0.014456355919011198,7.161953727506426,0.0,0.04627249357326478
2020-10-05,NY,25527.0,,8,,89995.0,89995.0,636.0,0,,149.0,,0,,,,,70.0,465515.0,,933,0,,,,,,,11297024.0,76404,11297024.0,76404,,,,,,0,,0,0.012211402544369405,4.796915167095116,0.0,0.04113110539845759
2020-10-04,NY,25519.0,,14,,89995.0,89995.0,618.0,0,,138.0,,0,,,,,67.0,464582.0,,1222,0,,,,,,,11220620.0,110329,11220620.0,110329,,,,,,0,,0,0.011075963708544445,6.282776349614395,0.0,0.07197943444730077
2020-10-03,NY,25505.0,,8,,89995.0,89995.0,647.0,0,,149.0,,0,,,,,70.0,463360.0,,1731,0,,,,,,,11110291.0,134267,11110291.0,134267,,,,,,0,,0,0.012892222213946838,8.899742930591259,0.0,0.04113110539845759
2020-10-02,NY,25497.0,,7,,89995.0,89995.0,648.0,0,,146.0,,0,,,,,63.0,461629.0,,1598,0,,,,,,,10976024.0,119493,10976024.0,119493,,,,,,0,,0,0.013373168302745767,8.215938303341902,0.0,0.03598971722365039
2020-10-01,NY,25490.0,,11,,89995.0,89995.0,612.0,0,,141.0,,0,,,,,63.0,460031.0,,1382,0,,,,,,,10856531.0,109218,10856531.0,109218,,,,,,0,,0,0.012653591898771265,7.105398457583548,0.0,0.056555269922879174
2020-09-30,NY,25479.0,,9,,89995.0,89995.0,605.0,0,,144.0,,0,,,,,67.0,458649.0,,1000,0,,,,,,,10747313.0,97960,10747313.0,97960,,,,,,0,,0,0.010208248264597795,5.141388174807198,0.0,0.04627249357326478
2020-09-29,NY,25470.0,,2,,89995.0,89995.0,541.0,0,,147.0,,0,,,,,61.0,457649.0,,1189,0,,,,,,,10649353.0,88231,10649353.0,88231,,,,,,0,,0,0.01347598916480602,6.113110539845759,0.0,0.010282776349614397
2020-09-28,NY,25468.0,,12,,89995.0,89995.0,543.0,0,,135.0,,0,,,,,57.0,456460.0,,834,0,,,,,,,10561122.0,52936,10561122.0,52936,,,,,,0,,0,0.01575487380988363,4.287917737789203,0.0,0.06169665809768637
2020-09-27,NY,25456.0,,6,,89995.0,89995.0,541.0,0,,155.0,,0,,,,,59.0,455626.0,,866,0,,,,,,,10508186.0,84770,10508186.0,84770,,,,,,0,,0,0.010215878258817979,4.4524421593830334,0.0,0.030848329048843184
2020-09-26,NY,25450.0,,4,,89995.0,89995.0,527.0,0,,164.0,,0,,,,,75.0,454760.0,,1005,0,,,,,,,10423416.0,99953,10423416.0,99953,,,,,,0,,0,0.010054725721088911,5.167095115681234,0.0,0.020565552699228794
2020-09-25,NY,25446.0,,7,,89995.0,89995.0,511.0,0,,154.0,,0,,,,,76.0,453755.0,,908,0,,,,,,,10323463.0,94818,10323463.0,94818,,,,,,0,,0,0.009576240798160687,4.668380462724936,0.0,0.03598971722365039
2020-09-24,NY,25439.0,,2,,89995.0,89995.0,500.0,0,,145.0,,0,,,,,72.0,452847.0,,955,0,,,,,,,10228645.0,92953,10228645.0,92953,,,,,,0,,0,0.010274009445633815,4.910025706940874,0.0,0.010282776349614397
2020-09-23,NY,25437.0,,5,,89995.0,89995.0,490.0,0,,141.0,,0,,,,,68.0,451892.0,,665,0,,,,,,,10135692.0,70930,10135692.0,70930,,,,,,0,,0,0.009375440575215001,3.4190231362467864,0.0,0.025706940874035987
2020-09-22,NY,25432.0,,4,,89995.0,89995.0,470.0,0,,133.0,,0,,,,,67.0,451227.0,,754,0,,,,,,,10064762.0,83997,10064762.0,83997,,,,,,0,,0,0.0089765110658714,3.8766066838046274,0.0,0.020565552699228794
2020-09-21,NY,25428.0,,1,,89995.0,89995.0,468.0,0,,134.0,,0,,,,,66.0,450473.0,,573,0,,,,,,,9980765.0,58319,9980765.0,58319,,,,,,0,,0,0.009825271352389444,2.9460154241645244,0.0,0.0051413881748071984
2020-09-20,NY,25427.0,,2,,89995.0,89995.0,468.0,0,,132.0,,0,,,,,60.0,449900.0,,862,0,,,,,,,9922446.0,100355,9922446.0,100355,,,,,,0,,0,0.008589507249265108,4.4318766066838045,0.0,0.010282776349614397
2020-09-19,NY,25425.0,,2,,89995.0,89995.0,467.0,0,,144.0,,0,,,,,60.0,449038.0,,986,0,,,,,,,9822091.0,110444,9822091.0,110444,,,,,,0,,0,0.008927601318315164,5.069408740359897,0.0,0.010282776349614397
2020-09-18,NY,25423.0,,10,,89995.0,89995.0,478.0,0,,141.0,,0,,,,,62.0,448052.0,,790,0,,,,,,,9711647.0,89727,9711647.0,89727,,,,,,0,,0,0.00880448471474584,4.061696658097686,0.0,0.051413881748071974
2020-09-17,NY,25413.0,,3,,89995.0,89995.0,486.0,0,,135.0,,0,,,,,68.0,447262.0,,896,0,,,,,,,9621920.0,91504,9621920.0,91504,,,,,,0,,0,0.009791921664626682,4.60668380462725,0.0,0.015424164524421592
2020-09-16,NY,25410.0,,5,,89995.0,89995.0,483.0,0,,138.0,,0,,,,,67.0,446366.0,,652,0,,,,,,,9530416.0,75087,9530416.0,75087,,,,,,0,,0,0.008683260750862332,3.3521850899742933,0.0,0.025706940874035987
2020-09-15,NY,25405.0,,11,,89995.0,89995.0,481.0,0,,144.0,,0,,,,,60.0,445714.0,,766,0,,,,,,,9455329.0,73678,9455329.0,73678,,,,,,0,,0,0.010396590569776595,3.9383033419023135,0.0,0.056555269922879174
2020-09-14,NY,25394.0,,4,,89995.0,89995.0,464.0,0,,143.0,,0,,,,,59.0,444948.0,,583,0,,,,,,,9381651.0,63358,9381651.0,63358,,,,,,0,,0,0.00920167934593895,2.9974293059125965,0.0,0.020565552699228794
2020-09-13,NY,25390.0,,6,,89995.0,89995.0,464.0,0,,131.0,,0,,,,,54.0,444365.0,,725,0,,,,,,,9318293.0,72668,9318293.0,72668,,,,,,0,,0,0.009976881158143887,3.7275064267352187,0.0,0.030848329048843184
2020-09-12,NY,25384.0,,2,,89995.0,89995.0,467.0,0,,127.0,,0,,,,,51.0,443640.0,,849,0,,,,,,,9245625.0,102925,9245625.0,102925,,,,,,0,,0,0.008248724799611367,4.365038560411311,0.0,0.010282776349614397
2020-09-11,NY,25382.0,,5,,89995.0,89995.0,474.0,0,,120.0,,0,,,,,54.0,442791.0,,880,0,,,,,,,9142700.0,89722,9142700.0,89722,,,,,,0,,0,0.009808073828046633,4.524421593830334,0.0,0.025706940874035987
2020-09-10,NY,25377.0,,7,,89995.0,89995.0,482.0,0,,120.0,,0,,,,,55.0,441911.0,,757,0,,,,,,,9052978.0,76813,9052978.0,76813,,,,,,0,,0,0.009855102651894862,3.892030848329049,0.0,0.03598971722365039
2020-09-09,NY,25370.0,,3,,89995.0,89995.0,463.0,0,,121.0,,0,,,,,59.0,441154.0,,576,0,,,,,,,8976165.0,63230,8976165.0,63230,,,,,,0,,0,0.00910959987347778,2.961439588688946,0.0,0.015424164524421592
2020-09-08,NY,25367.0,,6,,89995.0,89995.0,445.0,0,,114.0,,0,,,,,52.0,440578.0,,557,0,,,,,,,8912935.0,57826,8912935.0,57826,,,,,,0,,0,0.009632345311797462,2.8637532133676094,0.0,0.030848329048843184
2020-09-07,NY,25361.0,,2,,89995.0,89995.0,413.0,0,,115.0,,0,,,,,57.0,440021.0,,520,0,,,,,,,8855109.0,58865,8855109.0,58865,,,,,,0,,0,0.008833772190605623,2.673521850899743,0.0,0.010282776349614397
2020-09-06,NY,25359.0,,9,,89995.0,89995.0,410.0,0,,119.0,,0,,,,,56.0,439501.0,,729,0,,,,,,,8796244.0,85630,8796244.0,85630,,,,,,0,,0,0.008513371481957258,3.7480719794344477,0.0,0.04627249357326478
2020-09-05,NY,25350.0,,2,,89995.0,89995.0,425.0,0,,115.0,,0,,,,,61.0,438772.0,,801,0,,,,,,,8710614.0,99761,8710614.0,99761,,,,,,0,,0,0.008029189763534849,4.118251928020565,0.0,0.010282776349614397
2020-09-04,NY,25348.0,,5,,89995.0,89995.0,428.0,0,,116.0,,0,,,,,61.0,437971.0,,864,0,,,,,,,8610853.0,93395,8610853.0,93395,,,,,,0,,0,0.00925103056908828,4.442159383033419,0.0,0.025706940874035987
2020-09-03,NY,25343.0,,7,,89995.0,89995.0,430.0,0,,117.0,,0,,,,,61.0,437107.0,,889,0,,,,,,,8517458.0,88981,8517458.0,88981,,,,,,0,,0,0.009990896933053123,4.570694087403599,0.0,0.03598971722365039
2020-09-02,NY,25336.0,,5,,89995.0,89995.0,445.0,0,,117.0,,0,,,,,61.0,436218.0,,708,0,,,,,,,8428477.0,88447,8428477.0,88447,,,,,,0,,0,0.008004793831334019,3.640102827763496,0.0,0.025706940874035987
2020-09-01,NY,25331.0,,3,,89995.0,89995.0,432.0,0,,109.0,,0,,,,,54.0,435510.0,,754,0,,,,,,,8340030.0,76997,8340030.0,76997,,,,,,0,,0,0.009792589321661884,3.8766066838046274,0.0,0.015424164524421592
2020-08-31,NY,25328.0,,1,,89995.0,89995.0,418.0,0,,109.0,,0,,,,,51.0,434756.0,,656,0,,,,,,,8263033.0,66241,8263033.0,66241,,,,,,0,,0,0.009903232137195997,3.372750642673522,0.0,0.0051413881748071984
2020-08-30,NY,25327.0,,8,,89995.0,89995.0,429.0,0,,112.0,,0,,,,,47.0,434100.0,,698,0,,,,,,,8196792.0,100022,8196792.0,100022,,,,,,0,,0,0.006978464737757694,3.588688946015424,0.0,0.04113110539845759
2020-08-29,NY,25319.0,,7,,89995.0,89995.0,458.0,0,,116.0,,0,,,,,48.0,433402.0,,635,0,,,,,,,8096770.0,93873,8096770.0,93873,,,,,,0,,0,0.006764458363959818,3.2647814910025703,0.0,0.03598971722365039
2020-08-28,NY,25312.0,,3,,89995.0,89995.0,478.0,0,,122.0,,0,,,,,51.0,432767.0,,636,0,,,,,,,8002897.0,97826,8002897.0,97826,,,,,,0,,0,0.006501339112301433,3.2699228791773782,0.0,0.015424164524421592
2020-08-27,NY,25309.0,,4,,89995.0,89995.0,490.0,0,,126.0,,0,,,,,52.0,432131.0,,791,0,,,,,,,7905071.0,83437,7905071.0,83437,,,,,,0,,0,0.009480206622961037,4.066838046272493,0.0,0.020565552699228794
2020-08-26,NY,25305.0,,8,,89995.0,89995.0,492.0,0,,136.0,,0,,,,,54.0,431340.0,,566,0,,,,,,,7821634.0,71189,7821634.0,71189,,,,,,0,,0,0.007950666535560268,2.9100257069408744,0.0,0.04113110539845759
2020-08-25,NY,25297.0,,2,,89995.0,89995.0,488.0,0,,133.0,,0,,,,,52.0,430774.0,,629,0,,,,,,,7750445.0,67255,7750445.0,67255,,,,,,0,,0,0.009352464500780611,3.2339331619537273,0.0,0.010282776349614397
2020-08-24,NY,25295.0,,7,,89995.0,89995.0,482.0,0,,120.0,,0,,,,,54.0,430145.0,,408,0,,,,,,,7683190.0,62031,7683190.0,62031,,,,,,0,,0,0.006577356483048798,2.0976863753213366,0.0,0.03598971722365039
2020-08-23,NY,25288.0,,6,,89995.0,89995.0,472.0,0,,110.0,,0,,,,,50.0,429737.0,,572,0,,,,,,,7621159.0,74043,7621159.0,74043,,,,,,0,,0,0.007725240738489797,2.940874035989717,0.0,0.030848329048843184
2020-08-22,NY,25282.0,,4,,89995.0,89995.0,483.0,0,,116.0,,0,,,,,56.0,429165.0,,653,0,,,,,,,7547116.0,94849,7547116.0,94849,,,,,,0,,0,0.006884627144197619,3.3573264781491003,0.0,0.020565552699228794
2020-08-21,NY,25278.0,,3,,89995.0,89995.0,490.0,0,,119.0,,0,,,,,58.0,428512.0,,709,0,,,,,,,7452267.0,98880,7452267.0,98880,,,,,,0,,0,0.007170307443365696,3.645244215938303,0.0,0.015424164524421592
2020-08-20,NY,25275.0,,5,,89995.0,89995.0,518.0,0,,120.0,,0,,,,,62.0,427803.0,,601,0,,,,,,,7353387.0,80984,7353387.0,80984,,,,,,0,,0,0.007421219006223451,3.0899742930591256,0.0,0.025706940874035987
2020-08-19,NY,25270.0,,6,,89995.0,89995.0,548.0,0,,131.0,,0,,,,,60.0,427202.0,,631,0,,,,,,,7272403.0,80425,7272403.0,80425,,,,,,0,,0,0.007845819086105066,3.244215938303342,0.0,0.030848329048843184
2020-08-18,NY,25264.0,,8,,89995.0,89995.0,537.0,0,,126.0,,0,,,,,60.0,426571.0,,655,0,,,,,,,7191978.0,66891,7191978.0,66891,,,,,,0,,0,0.00979204975258256,3.3676092544987144,0.0,0.04113110539845759
2020-08-17,NY,25256.0,,6,,89995.0,89995.0,534.0,0,,133.0,,0,,,,,64.0,425916.0,,408,0,,,,,,,7125087.0,56891,7125087.0,56891,,,,,,0,,0,0.007171608866077235,2.0976863753213366,0.0,0.030848329048843184
2020-08-16,NY,25250.0,,6,,89995.0,89995.0,527.0,0,,128.0,,0,,,,,59.0,425508.0,,607,0,,,,,,,7068196.0,77692,7068196.0,77692,,,,,,0,,0,0.007812902229315759,3.1208226221079696,0.0,0.030848329048843184
2020-08-15,NY,25244.0,,12,,89995.0,89995.0,523.0,0,,120.0,,0,,,,,58.0,424901.0,,734,0,,,,,,,6990504.0,88668,6990504.0,88668,,,,,,0,,0,0.00827807100645103,3.7737789203084837,0.0,0.06169665809768637
2020-08-14,NY,25232.0,,4,,89995.0,89995.0,554.0,0,,127.0,,0,,,,,59.0,424167.0,,727,0,,,,,,,6901836.0,85455,6901836.0,85455,,,,,,0,,0,0.0085074015563747,3.7377892030848328,0.0,0.020565552699228794
2020-08-13,NY,25228.0,,10,,89995.0,89995.0,555.0,0,,124.0,,0,,,,,56.0,423440.0,,737,0,,,,,,,6816381.0,87900,6816381.0,87900,,,,,,0,,0,0.00838452787258248,3.789203084832905,0.0,0.051413881748071974
2020-08-12,NY,25218.0,,7,,89995.0,89995.0,558.0,0,,123.0,,0,,,,,62.0,422703.0,,700,0,,,,,,,6728481.0,87776,6728481.0,87776,,,,,,0,,0,0.007974845060153116,3.5989717223650386,0.0,0.03598971722365039
2020-08-11,NY,25211.0,,7,,89995.0,89995.0,540.0,0,,120.0,,0,,,,,60.0,422003.0,,667,0,,,,,,,6640705.0,77059,6640705.0,77059,,,,,,0,,0,0.00865570536861366,3.429305912596401,0.0,0.03598971722365039
2020-08-10,NY,25204.0,,2,,89995.0,89995.0,535.0,0,,127.0,,0,,,,,62.0,421336.0,,476,0,,,,,,,6563646.0,54002,6563646.0,54002,,,,,,0,,0,0.008814488352283248,2.4473007712082264,0.0,0.010282776349614397
2020-08-09,NY,25202.0,,7,,89995.0,89995.0,548.0,0,,131.0,,0,,,,,66.0,420860.0,,515,0,,,,,,,6509644.0,65812,6509644.0,65812,,,,,,0,,0,0.00782532061022306,2.647814910025707,0.0,0.03598971722365039
2020-08-08,NY,25195.0,,5,,89995.0,89995.0,573.0,0,,133.0,,0,,,,,64.0,420345.0,,703,0,,,,,,,6443832.0,74857,6443832.0,74857,,,,,,0,,0,0.0093912392962582,3.61439588688946,0.0,0.025706940874035987
2020-08-07,NY,25190.0,,5,,89995.0,89995.0,579.0,0,,139.0,,0,,,,,66.0,419642.0,,714,0,,,,,,,6368975.0,70170,6368975.0,70170,,,,,,0,,0,0.010175288584865327,3.670951156812339,0.0,0.025706940874035987
2020-08-06,NY,25185.0,,6,,89995.0,89995.0,570.0,0,,132.0,,0,,,,,69.0,418928.0,,703,0,,,,,,,6298805.0,72370,6298805.0,72370,,,,,,0,,0,0.009713969877020865,3.61439588688946,0.0,0.030848329048843184
2020-08-05,NY,25179.0,,4,,89995.0,89995.0,564.0,0,,134.0,,0,,,,,69.0,418225.0,,636,0,,,,,,,6226435.0,72668,6226435.0,72668,,,,,,0,,0,0.008752132988385534,3.2699228791773782,0.0,0.020565552699228794
2020-08-04,NY,25175.0,,3,,89995.0,89995.0,568.0,0,,139.0,,0,,,,,69.0,417589.0,,746,0,,,,,,,6153767.0,70993,6153767.0,70993,,,,,,0,,0,0.010508078261237024,3.83547557840617,0.0,0.015424164524421592
2020-08-03,NY,25172.0,,2,,89995.0,89995.0,536.0,0,,136.0,,0,,,,,62.0,416843.0,,545,0,,,,,,,6082774.0,51839,6082774.0,51839,,,,,,0,,0,0.01051332008719304,2.802056555269923,0.0,0.010282776349614397
2020-08-02,NY,25170.0,,6,,89995.0,89995.0,556.0,0,,143.0,,0,,,,,71.0,416298.0,,531,0,,,,,,,6030935.0,58961,6030935.0,58961,,,,,,0,,0,0.009005953087634199,2.7300771208226218,0.0,0.030848329048843184
2020-08-01,NY,25164.0,,14,,89995.0,89995.0,581.0,0,,147.0,,0,,,,,72.0,415767.0,,753,0,,,,,,,5971974.0,82737,5971974.0,82737,,,,,,0,,0,0.009101127669603684,3.87146529562982,0.0,0.07197943444730077
2020-07-31,NY,25150.0,,5,,89995.0,89995.0,576.0,0,,140.0,,0,,,,,70.0,415014.0,,644,0,,,,,,,5889237.0,68869,5889237.0,68869,,,,,,0,,0,0.009351086846041034,3.3110539845758353,0.0,0.025706940874035987
2020-07-30,NY,25145.0,,13,,89995.0,89995.0,586.0,0,,142.0,,0,,,,,72.0,414370.0,,777,0,,,,,,,5820368.0,73546,5820368.0,73546,,,,,,0,,0,0.010564816577380143,3.9948586118251925,0.0,0.06683804627249358
2020-07-29,NY,25132.0,,6,,89995.0,89995.0,619.0,0,,154.0,,0,,,,,76.0,413593.0,,715,0,,,,,,,5746822.0,62276,5746822.0,62276,,,,,,0,,0,0.011481148435994605,3.6760925449871467,0.0,0.030848329048843184
2020-07-28,NY,25126.0,,9,,89995.0,89995.0,648.0,0,,152.0,,0,,,,,81.0,412878.0,,534,0,,,,,,,5684546.0,57397,5684546.0,57397,,,,,,0,,0,0.009303622140529993,2.7455012853470437,0.0,0.04627249357326478
2020-07-27,NY,25117.0,,11,,89995.0,89995.0,642.0,0,,149.0,,0,,,,,84.0,412344.0,,608,0,,,,,,,5627149.0,57270,5627149.0,57270,,,,,,0,,0,0.010616378557709097,3.1259640102827766,0.0,0.056555269922879174
2020-07-26,NY,25106.0,,3,,89995.0,89995.0,637.0,0,,155.0,,0,,,,,90.0,411736.0,,536,0,,,,,,,5569879.0,53568,5569879.0,53568,,,,,,0,,0,0.010005973715651135,2.755784061696658,0.0,0.015424164524421592
2020-07-25,NY,25103.0,,13,,89995.0,89995.0,646.0,0,,149.0,,0,,,,,94.0,411200.0,,750,0,,,,,,,5516311.0,71466,5516311.0,71466,,,,,,0,,0,0.010494500881538074,3.8560411311053984,0.0,0.06683804627249358
2020-07-24,NY,25090.0,,9,,89995.0,89995.0,650.0,0,,156.0,,0,,,,,93.0,410450.0,,753,0,,,,,,,5444845.0,76507,5444845.0,76507,,,,,,0,,0,0.009842236658083574,3.87146529562982,0.0,0.04627249357326478
2020-07-23,NY,25081.0,,13,,89995.0,89995.0,706.0,0,,160.0,,0,,,,,93.0,409697.0,,811,0,,,,,,,5368338.0,69698,5368338.0,69698,,,,,,0,,0,0.011635914947344256,4.169665809768637,0.0,0.06683804627249358
2020-07-22,NY,25068.0,,10,,89995.0,89995.0,714.0,0,,179.0,,0,,,,,96.0,408886.0,,705,0,,,,,,,5298640.0,67659,5298640.0,67659,,,,,,0,,0,0.010419899791602004,3.6246786632390746,0.0,0.051413881748071974
2020-07-21,NY,25058.0,,2,,89995.0,89995.0,724.0,0,,163.0,,0,,,,,91.0,408181.0,,855,0,,,,,,,5230981.0,66169,5230981.0,66169,,,,,,0,,0,0.012921458689114238,4.395886889460154,0.0,0.010282776349614397
2020-07-20,NY,25056.0,,8,,89995.0,89995.0,716.0,0,,158.0,,0,,,,,93.0,407326.0,,519,0,,,,,,,5164812.0,49342,5164812.0,49342,,,,,,0,,0,0.010518422439301204,2.6683804627249357,0.0,0.04113110539845759
2020-07-19,NY,25048.0,,13,,89995.0,89995.0,722.0,0,,160.0,,0,,,,,96.0,406807.0,,502,0,,,,,,,5115470.0,46204,5115470.0,46204,,,,,,0,,0,0.010864860185265345,2.5809768637532136,0.0,0.06683804627249358
2020-07-18,NY,25035.0,,11,,89995.0,89995.0,743.0,0,,172.0,,0,,,,,100.0,406305.0,,754,0,,,,,,,5069266.0,69817,5069266.0,69817,,,,,,0,,0,0.010799661973444863,3.8766066838046274,0.0,0.056555269922879174
2020-07-17,NY,25024.0,,10,,89995.0,89995.0,765.0,0,,179.0,,0,,,,,98.0,405551.0,,776,0,,,,,,,4999449.0,78239,4999449.0,78239,,,,,,0,,0,0.009918327176983346,3.9897172236503855,0.0,0.051413881748071974
2020-07-16,NY,25014.0,,11,,89995.0,89995.0,813.0,0,,165.0,,0,,,,,88.0,404775.0,,769,0,,,,,,,4921210.0,72685,4921210.0,72685,,,,,,0,,0,0.0105798995666231,3.9537275064267354,0.0,0.056555269922879174
2020-07-15,NY,25003.0,,9,,89995.0,89995.0,831.0,0,,165.0,,0,,,,,94.0,404006.0,,831,0,,,,,,,4848525.0,63598,4848525.0,63598,,,,,,0,,0,0.013066448630460078,4.272493573264781,0.0,0.04627249357326478
2020-07-14,NY,24994.0,,5,,89995.0,89995.0,820.0,0,,167.0,,0,,,,,101.0,403175.0,,912,0,,,,,,,4784927.0,60045,4784927.0,60045,,,,,,0,,0,0.015188608543592306,4.688946015424165,0.0,0.025706940874035987
2020-07-13,NY,24989.0,,10,,89995.0,89995.0,792.0,0,,175.0,,0,,,,,103.0,402263.0,,557,0,,,,,,,4724882.0,51687,4724882.0,51687,,,,,,0,,0,0.010776404124828293,2.8637532133676094,0.0,0.051413881748071974
2020-07-12,NY,24979.0,,5,,89995.0,89995.0,801.0,0,,174.0,,0,,,,,102.0,401706.0,,677,0,,,,,,,4673195.0,62418,4673195.0,62418,,,,,,0,,0,0.01084623025409337,3.480719794344473,0.0,0.025706940874035987
2020-07-11,NY,24974.0,,6,,89995.0,89995.0,799.0,0,,177.0,,0,,,,,100.0,401029.0,,730,0,,,,,,,4610777.0,69203,4610777.0,69203,,,,,,0,,0,0.01054867563544933,3.7532133676092547,0.0,0.030848329048843184
2020-07-10,NY,24968.0,,9,,89995.0,89995.0,826.0,0,,178.0,,0,,,,,92.0,400299.0,,786,0,,,,,,,4541574.0,73558,4541574.0,73558,,,,,,0,,0,0.01068544549879007,4.041131105398457,0.0,0.04627249357326478
2020-07-09,NY,24959.0,,15,,89995.0,89995.0,851.0,0,,173.0,,0,,,,,98.0,399513.0,,584,0,,,,,,,4468016.0,65564,4468016.0,65564,,,,,,0,,0,0.00890732719175157,3.0025706940874035,0.0,0.07712082262210797
2020-07-08,NY,24944.0,,20,,89995.0,89995.0,841.0,0,,166.0,,0,,,,,97.0,398929.0,,692,0,,,,,,,4402452.0,57585,4402452.0,57585,,,,,,0,,0,0.012017018320743249,3.557840616966581,0.0,0.10282776349614395
2020-07-07,NY,24924.0,,11,,89995.0,89995.0,836.0,0,,160.0,,0,,,,,103.0,398237.0,,588,0,,,,,,,4344867.0,56736,4344867.0,56736,,,,,,0,,0,0.010363790186125212,3.0231362467866325,0.0,0.056555269922879174
2020-07-06,NY,24913.0,,9,,89995.0,89995.0,817.0,0,,170.0,,0,,,,,103.0,397649.0,,518,0,,,,,,,4288131.0,54328,4288131.0,54328,,,,,,0,,0,0.009534678250625829,2.6632390745501286,0.0,0.04627249357326478
2020-07-05,NY,24904.0,,8,,89995.0,89995.0,832.0,0,,178.0,,0,,,,,116.0,397131.0,,533,0,,,,,,,4233803.0,63415,4233803.0,63415,,,,,,0,,0,0.008404951509895136,2.7403598971722363,0.0,0.04113110539845759
2020-07-04,NY,24896.0,,11,,89995.0,89995.0,844.0,0,,190.0,,0,,,,,119.0,396598.0,,726,0,,,,,,,4170388.0,62403,4170388.0,62403,,,,,,0,,0,0.011634056054997356,3.7326478149100257,0.0,0.056555269922879174
2020-07-03,NY,24885.0,,8,,89995.0,89995.0,857.0,0,,188.0,,0,,,,,125.0,395872.0,,918,0,,,,,,,4107985.0,66392,4107985.0,66392,,,,,,0,,0,0.013826967104470417,4.719794344473008,0.0,0.04113110539845759
2020-07-02,NY,24877.0,,11,,89995.0,89995.0,878.0,0,,209.0,,0,,,,,129.0,394954.0,,875,0,,,,,,,4041593.0,69945,4041593.0,69945,,,,,,0,,0,0.01250982915147616,4.498714652956298,0.0,0.056555269922879174
2020-07-01,NY,24866.0,,11,,89995.0,89995.0,879.0,0,,226.0,,0,,,,,139.0,394079.0,,625,0,,,,,,,3971648.0,56710,3971648.0,56710,,,,,,0,,0,0.011020983953447364,3.2133676092544983,0.0,0.056555269922879174
2020-06-30,NY,24855.0,,13,,89995.0,89995.0,891.0,0,,217.0,,0,,,,,137.0,393454.0,,524,0,,,,,,,3914938.0,52025,3914938.0,52025,,,,,,0,,0,0.010072080730418069,2.6940874035989717,0.0,0.06683804627249358
2020-06-29,NY,24842.0,,7,,89995.0,89995.0,853.0,0,,216.0,,0,,,,,136.0,392930.0,,391,0,,,,,,,3862913.0,46428,3862913.0,46428,,,,,,0,,0,0.008421642112518307,2.0102827763496145,0.0,0.03598971722365039
2020-06-28,NY,24835.0,,5,,89995.0,89995.0,869.0,0,,229.0,,0,,,,,167.0,392539.0,,616,0,,,,,,,3816485.0,61906,3816485.0,61906,,,,,,0,,0,0.009950570219364843,3.167095115681234,0.0,0.025706940874035987
2020-06-27,NY,24830.0,,16,,89995.0,89995.0,908.0,0,,230.0,,0,,,,,167.0,391923.0,,703,0,,,,,,,3754579.0,73262,3754579.0,73262,,,,,,0,,0,0.009595697633152248,3.61439588688946,0.0,0.08226221079691518
2020-06-26,NY,24814.0,,14,,89995.0,89995.0,951.0,0,,244.0,,0,,,,,167.0,391220.0,,805,0,,,,,,,3681317.0,61723,3681317.0,61723,,,,,,0,,0,0.013042139883025777,4.138817480719794,0.0,0.07197943444730077
2020-06-25,NY,24800.0,,18,,89995.0,89995.0,996.0,0,,270.0,,0,,,,,167.0,390415.0,,749,0,,,,,,,3619594.0,67642,3619594.0,67642,,,,,,0,,0,0.01107300198101771,3.8508997429305913,0.0,0.09254498714652956
2020-06-24,NY,24782.0,,16,,89995.0,89995.0,1071.0,0,,290.0,,0,,,,,228.0,389666.0,,581,0,,,,,,,3551952.0,51144,3551952.0,51144,,,,,,0,,0,0.011360081338964493,2.987146529562982,0.0,0.08226221079691518
2020-06-23,NY,24766.0,,27,,89995.0,89995.0,1104.0,0,,302.0,,0,,,,,228.0,389085.0,,597,0,,,,,,,3500808.0,48709,3500808.0,48709,,,,,,0,,0,0.012256461844833604,3.0694087403598975,0.0,0.13881748071979436
2020-06-22,NY,24739.0,,14,,89995.0,89995.0,1122.0,0,,330.0,,0,,,,,228.0,388488.0,,552,0,,,,,,,3452099.0,56780,3452099.0,56780,,,,,,0,,0,0.009721733004579076,2.8380462724935733,0.0,0.07197943444730077
2020-06-21,NY,24725.0,,15,,89995.0,89995.0,1142.0,0,,332.0,,0,,,,,237.0,387936.0,,664,0,,,,,,,3395319.0,67526,3395319.0,67526,,,,,,0,,0,0.009833249415040133,3.4138817480719794,0.0,0.07712082262210797
2020-06-20,NY,24710.0,,24,,89995.0,89995.0,1220.0,0,,335.0,,0,,,,,237.0,387272.0,,716,0,,,,,,,3327793.0,68830,3327793.0,68830,,,,,,0,,0,0.010402440796164463,3.6812339331619537,0.0,0.12339331619537273
2020-06-19,NY,24686.0,,25,,89995.0,89995.0,1284.0,0,,359.0,,0,,,,,256.0,386556.0,,796,0,,,,,,,3258963.0,79303,3258963.0,79303,,,,,,0,,0,0.010037451294402481,4.092544987146529,0.0,0.12853470437017994
2020-06-18,NY,24661.0,,32,,89995.0,89995.0,1358.0,0,,388.0,,0,,,,,278.0,385760.0,,618,0,,,,,,,3179660.0,68541,3179660.0,68541,,,,,,0,,0,0.009016501072350856,3.177377892030848,0.0,0.16452442159383035
2020-06-17,NY,24629.0,,21,,89995.0,89995.0,1479.0,0,,431.0,,0,,,,,304.0,385142.0,,567,0,,,,,,,3111119.0,59341,3111119.0,59341,,,,,,0,,0,0.009554945147537117,2.9151670951156814,0.0,0.10796915167095116
2020-06-16,NY,24608.0,,29,,89995.0,89995.0,1538.0,0,,449.0,,0,,,,,303.0,384575.0,,631,0,,,,,,,3051778.0,60568,3051778.0,60568,,,,,,0,,0,0.010418042530709286,3.244215938303342,0.0,0.14910025706940874
2020-06-15,NY,24579.0,,28,,89995.0,89995.0,1608.0,0,,470.0,,0,,,,,323.0,383944.0,,620,0,,,,,,,2991210.0,56611,2991210.0,56611,,,,,,0,,0,0.010951935136280936,3.1876606683804627,0.0,0.14395886889460155
2020-06-14,NY,24551.0,,24,,89995.0,89995.0,1657.0,0,,499.0,,0,,,,,346.0,383324.0,,694,0,,,,,,,2934599.0,62359,2934599.0,62359,,,,,,0,,0,0.011129107265992078,3.568123393316195,0.0,0.12339331619537273
2020-06-13,NY,24527.0,,32,,89995.0,89995.0,1734.0,0,,517.0,,0,,,,,360.0,382630.0,,916,0,,,,,,,2872240.0,70840,2872240.0,70840,,,,,,0,,0,0.01293054771315641,4.709511568123394,0.0,0.16452442159383035
2020-06-12,NY,24495.0,,53,,89995.0,89995.0,1898.0,0,,552.0,,0,,,,,387.0,381714.0,,822,0,,,,,,,2801400.0,72395,2801400.0,72395,,,,,,0,,0,0.011354375302161752,4.226221079691516,0.0,0.2724935732647815
2020-06-11,NY,24442.0,,38,,89995.0,89995.0,2042.0,0,,581.0,,0,,,,,424.0,380892.0,,736,0,,,,,,,2729005.0,60839,2729005.0,60839,,,,,,0,,0,0.01209750324627295,3.7840616966580978,0.0,0.19537275064267354
2020-06-10,NY,24404.0,,56,,89995.0,89995.0,2190.0,0,,630.0,,0,,,,,462.0,380156.0,,674,0,,,,,,,2668166.0,62297,2668166.0,62297,,,,,,0,,0,0.010819140568566704,3.465295629820051,0.0,0.2879177377892031
2020-06-09,NY,24348.0,,49,,89995.0,89995.0,2344.0,0,,663.0,,0,,,,,485.0,379482.0,,683,0,,,,,,,2605869.0,49973,2605869.0,49973,,,,,,0,,0,0.01366738038540812,3.511568123393316,0.0,0.2519280205655527
2020-06-08,NY,24299.0,,40,,89995.0,89995.0,2371.0,0,,678.0,,0,,,,,507.0,378799.0,,702,0,,,,,,,2555896.0,58054,2555896.0,58054,,,,,,0,,0,0.012092190029972095,3.609254498714653,0.0,0.2056555269922879
2020-06-07,NY,24259.0,,47,,89995.0,89995.0,2427.0,0,,704.0,,0,,,,,534.0,378097.0,,781,0,,,,,,,2497842.0,60435,2497842.0,60435,,,,,,0,,0,0.01292297509721188,4.015424164524421,0.0,0.2416452442159383
2020-06-06,NY,24212.0,,37,,89995.0,89995.0,2603.0,0,,720.0,,0,,,,,554.0,377316.0,,1108,0,,,,,,,2437407.0,77895,2437407.0,77895,,,,,,0,,0,0.014224276269336929,5.696658097686376,0.0,0.19023136246786632
2020-06-05,NY,24175.0,,42,,89995.0,89995.0,2728.0,0,,758.0,,0,,,,,583.0,376208.0,,1075,0,,,,,,,2359512.0,66480,2359512.0,66480,,,,,,0,,0,0.016170276774969915,5.526992287917738,0.0,0.2159383033419023
2020-06-04,NY,24133.0,,54,,89995.0,89995.0,2849.0,0,,832.0,,0,,,,,613.0,375133.0,,1048,0,,,,,,,2293032.0,63559,2293032.0,63559,,,,,,0,,0,0.016488616875658838,5.388174807197943,0.0,0.2776349614395887
2020-06-03,NY,24079.0,,56,,89995.0,89995.0,2978.0,134,,865.0,,0,,,,,638.0,374085.0,,1045,0,,,,,,,2229473.0,61642,2229473.0,61642,,,,,,0,,0,0.01695272703676065,5.372750642673522,0.6889460154241644,0.2879177377892031
2020-06-02,NY,24023.0,,64,,89861.0,89861.0,3121.0,158,,907.0,,0,,,,,673.0,373040.0,,1329,0,,,,,,,2167831.0,54054,2167831.0,54054,,,,,,0,,0,0.024586524586524588,6.832904884318766,0.8123393316195373,0.3290488431876607
2020-06-01,NY,23959.0,,54,,89703.0,89703.0,3331.0,113,,999.0,,0,,,,,746.0,371711.0,,941,0,,,,,,,2113777.0,49952,2113777.0,49952,,,,,,0,,0,0.01883808456117873,4.838046272493574,0.5809768637532133,0.2776349614395887
2020-05-31,NY,23905.0,,57,,89590.0,89590.0,3436.0,190,,1050.0,,0,,,,,791.0,370770.0,,1110,0,,,,,,,2063825.0,58444,2063825.0,58444,,,,,,0,,0,0.018992539867223324,5.70694087403599,0.9768637532133676,0.2930591259640103
2020-05-30,NY,23848.0,,68,,89400.0,89400.0,3619.0,206,,1124.0,,0,,,,,857.0,369660.0,,1376,0,,,,,,,2005381.0,61251,2005381.0,61251,,,,,,0,,0,0.02246493934792901,7.074550128534704,1.0591259640102828,0.3496143958868895
2020-05-29,NY,23780.0,,58,,89194.0,89194.0,3781.0,152,,1164.0,,0,,,,,889.0,368284.0,,1551,0,,,,,,,1944130.0,67341,1944130.0,67341,,,,,,0,,0,0.023032031006370562,7.974293059125965,0.7814910025706941,0.2982005141388175
2020-05-28,NY,23722.0,,79,,89042.0,89042.0,4010.0,176,,1219.0,,0,,,,,931.0,366733.0,,1768,0,,,,,,,1876789.0,65245,1876789.0,65245,,,,,,0,,0,0.02709786190512683,9.089974293059125,0.9048843187660668,0.40616966580976865
2020-05-27,NY,23643.0,,79,,88866.0,88866.0,4208.0,180,,1261.0,,0,,,,,988.0,364965.0,,1129,0,,,,,,,1811544.0,37416,1811544.0,37416,,,,,,0,,0,0.030174257002351934,5.804627249357327,0.9254498714652957,0.40616966580976865
2020-05-26,NY,23564.0,,76,,88686.0,88686.0,4265.0,132,,1273.0,,0,,,,,1002.0,363836.0,,1072,0,,,,,,,1774128.0,34679,1774128.0,34679,,,,,,0,,0,0.030912079356382825,5.511568123393316,0.6786632390745501,0.3907455012853471
2020-05-25,NY,23488.0,,97,,88554.0,88554.0,4348.0,230,,1366.0,,0,,,,,1058.0,362764.0,,1249,0,,,,,,,1739449.0,39623,1739449.0,39623,,,,,,0,,0,0.031522095752467,6.42159383033419,1.1825192802056554,0.4987146529562982
2020-05-24,NY,23391.0,,109,,88324.0,88324.0,4393.0,241,,1406.0,,0,,,,,1067.0,361515.0,,1589,0,,,,,,,1699826.0,47765,1699826.0,47765,,,,,,0,,0,0.033267036533026276,8.169665809768636,1.2390745501285347,0.5604113110539846
2020-05-23,NY,23282.0,,87,,88083.0,88083.0,4642.0,240,,1502.0,,0,,,,,1254.0,359926.0,,1772,0,,,,,,,1652061.0,51268,1652061.0,51268,,,,,,0,,0,0.034563470390887106,9.110539845758355,1.2339331619537275,0.44730077120822626
2020-05-22,NY,23195.0,,112,,87843.0,87843.0,4844.0,205,,1581.0,,0,,,,,1254.0,358154.0,,1696,0,,,,,,,1600793.0,45738,1600793.0,45738,,,,,,0,,0,0.03708076435349163,8.719794344473009,1.0539845758354756,0.5758354755784062
2020-05-21,NY,23083.0,,107,,87638.0,87638.0,5187.0,179,,1695.0,,0,,,,,1345.0,356458.0,,2088,0,,,,,,,1555055.0,49219,1555055.0,49219,,,,,,0,,0,0.04242264166277251,10.73521850899743,0.9203084832904884,0.5501285347043702
2020-05-20,NY,22976.0,,133,,87459.0,87459.0,5570.0,290,,1761.0,,0,,,,,1421.0,354370.0,,1525,0,,,,,,,1505836.0,38097,1505836.0,38097,,,,,,0,,0,0.04002939864031289,7.840616966580977,1.4910025706940873,0.6838046272493573
2020-05-19,NY,22843.0,,114,,87169.0,87169.0,5818.0,268,,1836.0,,0,,,,,1481.0,352845.0,,1474,0,,,,,,,1467739.0,28182,1467739.0,28182,,,,,,0,,0,0.05230288836846214,7.57840616966581,1.377892030848329,0.5861182519280206
2020-05-18,NY,22729.0,,110,,86901.0,86901.0,5840.0,326,,1908.0,,0,,,,,1538.0,351371.0,,1250,0,,,,,,,1439557.0,26161,1439557.0,26161,,,,,,0,,0,0.047781048125071675,6.4267352185089965,1.6760925449871467,0.5655526992287917
2020-05-17,NY,22619.0,,141,,86575.0,86575.0,5897.0,368,,1981.0,,0,,,,,1601.0,350121.0,,1889,0,,,,,,,1413396.0,34679,1413396.0,34679,,,,,,0,,0,0.05447100550765593,9.712082262210798,1.8920308483290489,0.724935732647815
2020-05-16,NY,22478.0,,174,,86207.0,86207.0,6220.0,425,,2077.0,,0,,,,,1674.0,348232.0,,2419,0,,,,,,,1378717.0,40669,1378717.0,40669,,,,,,0,,0,0.05948019375937446,12.437017994858612,2.185089974293059,0.8946015424164525
2020-05-15,NY,22304.0,,134,,85782.0,85782.0,6394.0,328,,2156.0,,0,,,,,1774.0,345813.0,,2762,0,,,,,,,1338048.0,39291,1338048.0,39291,,,,,,0,,0,0.07029599653864753,14.20051413881748,1.686375321336761,0.6889460154241644
2020-05-14,NY,22170.0,,157,,85454.0,85454.0,6706.0,446,,2223.0,,0,,,,,1846.0,343051.0,,2390,0,,,,,,,1298757.0,39850,1298757.0,39850,,,,,,0,,0,0.05997490589711418,12.287917737789202,2.2930591259640103,0.8071979434447301
2020-05-13,NY,22013.0,,168,,85008.0,85008.0,6946.0,519,,2308.0,,0,,,,,1908.0,340661.0,,2176,0,,,,,,,1258907.0,33794,1258907.0,33794,,,,,,0,,0,0.06439012842516423,11.187660668380463,2.6683804627249357,0.8637532133676092
2020-05-12,NY,21845.0,,205,,84489.0,84489.0,7063.0,295,,2375.0,,0,,,,,1964.0,338485.0,,1430,0,,,,,,,1225113.0,20463,1225113.0,20463,,,,,,0,,0,0.06988222645750868,7.352185089974293,1.5167095115681233,1.0539845758354756
2020-05-11,NY,21640.0,,162,,84194.0,84194.0,7226.0,433,,2450.0,,0,,,,,2020.0,337055.0,,1660,0,,,,,,,1204650.0,21652,1204650.0,21652,,,,,,0,,0,0.07666728246813227,8.534704370179949,2.2262210796915167,0.8329048843187661
2020-05-10,NY,21478.0,,207,,83761.0,83761.0,7262.0,476,,2488.0,,0,,,,,2073.0,335395.0,,2273,0,,,,,,,1182998.0,29230,1182998.0,29230,,,,,,0,,0,0.07776257269928157,11.686375321336762,2.4473007712082264,1.06426735218509
2020-05-09,NY,21271.0,,226,,83285.0,83285.0,7776.0,555,,2664.0,,0,,,,,2203.0,333122.0,,2715,0,,,,,,,1153768.0,32225,1153768.0,32225,,,,,,0,,0,0.08425135764158262,13.958868894601542,2.853470437017995,1.1619537275064267
2020-05-08,NY,21045.0,,217,,82730.0,82730.0,8196.0,533,,2811.0,,0,,,,,2295.0,330407.0,,2938,0,,,,,,,1121543.0,31627,1121543.0,31627,,,,,,0,,0,0.09289531096847631,15.105398457583547,2.7403598971722363,1.1156812339331619
2020-05-07,NY,20828.0,,951,,82197.0,82197.0,8665.0,627,,2976.0,,0,,,,,2425.0,327469.0,,3491,0,,,,,,,1089916.0,33995,1089916.0,33995,,,,,,0,,0,0.10269157229004265,17.948586118251928,3.223650385604113,4.889460154241646
2020-05-06,NY,19877.0,,232,,81570.0,81570.0,9179.0,652,,3098.0,,0,,,,,,323978.0,,2786,0,,,,,,,1055921.0,27022,1055921.0,27022,,,,,,0,,0,0.10310117681888831,14.323907455012852,3.3521850899742933,1.19280205655527
2020-05-05,NY,19645.0,,230,,80918.0,80918.0,9600.0,542,,3281.0,,0,,,,,,321192.0,,2239,0,,,,,,,1028899.0,21589,1028899.0,21589,,,,,,0,,0,0.10371022279864746,11.511568123393317,2.7866323907455013,1.1825192802056554
2020-05-04,NY,19415.0,,226,,80376.0,80376.0,9647.0,608,,3330.0,,0,,,,,,318953.0,,2538,0,,,,,,,1007310.0,21399,1007310.0,21399,,,,,,0,,0,0.11860367306883499,13.048843187660669,3.1259640102827766,1.1619537275064267
2020-05-03,NY,19189.0,,280,,79768.0,79768.0,9786.0,826,,3430.0,,0,,,,,,316415.0,,3438,0,,,,,,,985911.0,26894,985911.0,26894,,,,,,0,,0,0.12783520487841155,17.67609254498715,4.246786632390745,1.4395886889460154
2020-05-02,NY,18909.0,,299,,78942.0,78942.0,10350.0,718,,3501.0,,0,,,,,,312977.0,,4663,0,,,,,,,959017.0,31579,959017.0,31579,,,,,,0,,0,0.14766142056429907,23.974293059125962,3.6915167095115677,1.5372750642673523
2020-05-01,NY,18610.0,,289,,78224.0,78224.0,10993.0,824,,3640.0,,0,,,,,,308314.0,,3942,0,,,,,,,927438.0,26802,927438.0,26802,,,,,,0,,0,0.1470785762256548,20.267352185089972,4.236503856041131,1.4858611825192802
2020-04-30,NY,18321.0,,306,,77400.0,77400.0,11598.0,950,,3769.0,,0,,,,,,304372.0,,4681,0,,,,,,,900636.0,28155,900636.0,28155,,,,,,0,,0,0.16625821346119696,24.066838046272494,4.884318766066838,1.5732647814910026
2020-04-29,NY,18015.0,,377,,76450.0,76450.0,12159.0,1088,,3923.0,,0,,,,,,299691.0,,4585,0,,,,,,,872481.0,27487,872481.0,27487,,,,,,0,,0,0.16680612653254265,23.573264781491,5.593830334190232,1.9383033419023137
2020-04-28,NY,17638.0,,335,,75362.0,75362.0,12646.0,760,,4071.0,,0,,,,,,295106.0,,3110,0,,,,,,,844994.0,18899,844994.0,18899,,,,,,0,,0,0.16455897137414677,15.989717223650386,3.9074550128534704,1.7223650385604115
2020-04-27,NY,17303.0,,337,,74602.0,74602.0,12819.0,1062,,4157.0,,0,,,,,,291996.0,,3951,0,,,,,,,826095.0,20745,826095.0,20745,,,,,,0,,0,0.19045553145336225,20.31362467866324,5.4601542416452435,1.7326478149100255
2020-04-26,NY,16966.0,,367,,73540.0,73540.0,12839.0,1096,,4284.0,,0,,,,,,288045.0,,5902,0,,,,,,,805350.0,27782,805350.0,27782,,,,,,0,,0,0.21243970916420704,30.344473007712082,5.634961439588689,1.8868894601542419
2020-04-25,NY,16599.0,,437,,72444.0,72444.0,13524.0,1071,,4410.0,,0,,,,,,282143.0,,10553,0,,,,,,,777568.0,46912,777568.0,46912,,,,,,0,,0,0.2249531036834925,54.25706940874036,5.506426735218509,2.2467866323907453
2020-04-24,NY,16162.0,,422,,71373.0,71373.0,14258.0,1191,,4540.0,,0,,,,,,271590.0,,8130,0,,,,,,,730656.0,34736,730656.0,34736,,,,,,0,,0,0.23405112851220636,41.79948586118252,6.123393316195373,2.1696658097686377
2020-04-23,NY,15740.0,,438,,70182.0,70182.0,15021.0,1409,,4597.0,,0,,,,,,263460.0,,6244,0,,,,,,,695920.0,25938,695920.0,25938,,,,,,0,,0,0.2407278895828514,32.102827763496144,7.244215938303342,2.2519280205655527
2020-04-22,NY,15302.0,,474,,68773.0,68773.0,15599.0,1502,,4690.0,,0,,,,,,257216.0,,5526,0,,,,,,,669982.0,20657,669982.0,20657,,,,,,0,,0,0.26751222345936004,28.411311053984573,7.722365038560412,2.437017994858612
2020-04-21,NY,14828.0,,481,,67271.0,67271.0,16135.0,1302,,4729.0,,0,,,,,,251690.0,,4178,0,,,,,,,649325.0,15464,649325.0,15464,,,,,,0,,0,0.27017589239524054,21.480719794344473,6.694087403598973,2.473007712082262
2020-04-20,NY,14347.0,,478,,65969.0,65969.0,16103.0,1419,,4814.0,,0,,,,,,247512.0,,4726,0,,,,,,,633861.0,16306,633861.0,16306,,,,,,0,,0,0.28983196369434566,24.298200514138816,7.295629820051413,2.4575835475578405
2020-04-19,NY,13869.0,,507,,64550.0,64550.0,16213.0,1447,,4878.0,,0,,,,,,242786.0,,6054,0,,,,,,,617555.0,21023,617555.0,21023,,,,,,0,,0,0.2879703182228987,31.125964010282775,7.439588688946015,2.6066838046272496
2020-04-18,NY,13362.0,,540,,63103.0,63103.0,16967.0,1983,,4996.0,,0,,,,,,236732.0,,7090,0,,,,,,,596532.0,23309,596532.0,23309,,,,,,0,,0,0.30417435325410785,36.45244215938303,10.195372750642674,2.776349614395887
2020-04-17,NY,12822.0,,630,,61120.0,61120.0,17316.0,2068,,5039.0,,0,,,,,,229642.0,,7358,0,,,,,,,573223.0,22644,573223.0,22644,,,,,,0,,0,0.324942589648472,37.83033419023136,10.632390745501286,3.2390745501285343
2020-04-16,NY,12192.0,,606,,59052.0,59052.0,17735.0,2084,,5071.0,,0,,,,,,222284.0,,8505,0,,,,,,,550579.0,24567,550579.0,24567,,,,,,0,,0,0.3461961167419709,43.72750642673522,10.7146529562982,3.1156812339331617
2020-04-15,NY,11586.0,,752,,56968.0,56968.0,18335.0,2315,,5205.0,,0,,,,,,213779.0,,11571,0,,,,,,,526012.0,26869,526012.0,26869,,,,,,0,,0,0.43064498120510625,59.491002570694086,11.902313624678662,3.866323907455013
2020-04-14,NY,10834.0,,778,,54653.0,54653.0,18697.0,1717,,5225.0,,0,,,,,,202208.0,,7177,0,,,,,,,499143.0,20786,499143.0,20786,,,,,,0,,0,0.34528047724429906,36.89974293059126,8.827763496143959,4.0
2020-04-13,NY,10056.0,,671,,52936.0,52936.0,18825.0,2017,,5156.0,,0,,,,,,195031.0,,6337,0,,,,,,,478357.0,16756,478357.0,16756,,,,,,0,,0,0.37819288613034135,32.580976863753214,10.370179948586118,3.44987146529563
2020-04-12,NY,9385.0,,758,,50919.0,50919.0,18707.0,2622,,5198.0,,0,,,,,,188694.0,,8236,0,,,,,,,461601.0,20621,461601.0,20621,,,,,,0,,0,0.399398671257456,42.34447300771208,13.480719794344473,3.897172236503856
2020-04-11,NY,8627.0,,783,,48297.0,48297.0,18654.0,2529,,5009.0,,0,,,,,,180458.0,,9946,0,,,,,,,440980.0,23095,440980.0,23095,,,,,,0,,0,0.43065598614418704,51.13624678663239,13.002570694087403,4.025706940874036
2020-04-10,NY,7844.0,,777,,45768.0,45768.0,18569.0,2916,,4908.0,,0,,,,,,170512.0,,10575,0,,,,,,,417885.0,26336,417885.0,26336,,,,,,0,,0,0.40154161603888217,54.37017994858611,14.99228791773779,3.9948586118251925
2020-04-09,NY,7067.0,,799,,42852.0,42852.0,18279.0,2870,,4925.0,,0,,,,,,159937.0,,10621,0,,,,,,,391549.0,26396,391549.0,26396,,,,,,0,,0,0.40237157145021973,54.606683804627245,14.755784061696659,4.107969151670951
2020-04-08,NY,6268.0,,779,,39982.0,39982.0,18079.0,3050,,4841.0,,0,,,,,,149316.0,,10453,0,,,,,,,365153.0,25095,365153.0,25095,,,,,,0,,0,0.41653715879657305,53.74293059125964,15.681233933161954,4.005141388174807
2020-04-07,NY,5489.0,,731,,36932.0,36932.0,17493.0,2555,,4539.0,,0,,,,,,138863.0,,8174,0,,,,,,,340058.0,19247,340058.0,19247,,,,,,0,,0,0.42468956200966385,42.02570694087404,13.136246786632391,3.7583547557840618
2020-04-06,NY,4758.0,,599,,34377.0,34377.0,16837.0,2084,,4504.0,,0,,,,,,130689.0,,8658,0,,,,,,,320811.0,18531,320811.0,18531,,,,,,0,,0,0.46721709567751335,44.51413881748072,10.7146529562982,3.0796915167095116
2020-04-05,NY,4159.0,,594,,32293.0,32293.0,16479.0,2822,,4376.0,,0,,,,,,122031.0,,8327,0,,,,,,,302280.0,18659,302280.0,18659,,,,,,0,,0,0.4462725762366686,42.81233933161953,14.508997429305913,3.0539845758354756
2020-04-04,NY,3565.0,,630,,29471.0,29471.0,15905.0,3261,,4126.0,,0,,,,,,113704.0,,10841,0,,,,,,,283621.0,23101,283621.0,23101,,,,,,0,,0,0.4692870438509155,55.73778920308484,16.76606683804627,3.2390745501285343
2020-04-03,NY,2935.0,,562,,26210.0,26210.0,14810.0,3424,,3731.0,,0,,,,,,102863.0,,10482,0,,,,,,,260520.0,21555,260520.0,21555,,,,,,0,,0,0.4862908837856646,53.89203084832905,17.604113110539846,2.8894601542416454
2020-04-02,NY,2373.0,,432,,22786.0,22786.0,13383.0,2857,,3396.0,,0,,,,,,92381.0,,8669,0,,,,,,,238965.0,18031,238965.0,18031,,,,,,0,,0,0.48078309577949085,44.5706940874036,14.688946015424165,2.2210796915167097
2020-04-01,NY,1941.0,,391,,19929.0,19929.0,12226.0,2844,,3022.0,,0,,,,,,83712.0,,7917,0,,,,,,,220934.0,15701,220934.0,15701,,,,,,0,,0,0.5042353990191708,40.70437017994859,14.62210796915167,2.0102827763496145
2020-03-31,NY,1550.0,,332,,17085.0,17085.0,10929.0,2507,,2710.0,,0,,,,,,75795.0,,9298,0,,,,,,,205233.0,18648,205233.0,18648,,,,,,0,,0,0.49860574860574863,47.804627249357324,12.889460154241643,1.7069408740359897
2020-03-30,NY,1218.0,,253,,14578.0,14578.0,9517.0,1883,,2352.0,,0,,,,,,66497.0,,6984,0,,,,,,,186585.0,14115,186585.0,14115,,,,,,0,,0,0.49479277364505847,35.90745501285347,9.681233933161954,1.300771208226221
2020-03-29,NY,965.0,,237,,12695.0,12695.0,8503.0,2241,,2037.0,,0,,,,,,59513.0,,7195,0,,,,,,,172470.0,16401,172470.0,16401,,,,,,0,,0,0.4386927626364246,36.99228791773779,11.521850899742931,1.218508997429306
2020-03-28,NY,728.0,,209,,10454.0,10454.0,7328.0,1722,,1755.0,,0,,,,,,52318.0,,7681,0,,,,,,,156069.0,17444,156069.0,17444,,,,,,0,,0,0.4403233203393717,39.491002570694086,8.853470437017995,1.0745501285347043
2020-03-27,NY,519.0,,134,,8732.0,8732.0,6481.0,1811,,1583.0,,0,,,,,,44637.0,,7379,0,,,,,,,138625.0,16315,138625.0,16315,,,,,,0,,0,0.45228317499233833,37.93830334190231,9.311053984575835,0.6889460154241644
2020-03-26,NY,385.0,,100,,6921.0,6921.0,5327.0,1795,,1290.0,,0,,,,,,37258.0,,6448,0,,,,,,,122310.0,18651,122310.0,18651,,,,,,0,,0,0.3457187282183261,33.15167095115681,9.22879177377892,0.5141388174807198
2020-03-25,NY,285.0,,75,,5126.0,5126.0,4079.0,1085,,,,0,,,,,,30810.0,,5145,0,,,,,,,103659.0,12142,103659.0,12142,,,,,,0,,0,0.4237357931148081,26.452442159383036,5.57840616966581,0.3856041131105398
2020-03-24,NY,210.0,,96,,4041.0,4041.0,3343.0,916,,,,0,,,,,,25665.0,,4790,0,,,,,,,91517.0,12952,91517.0,12952,,,,,,0,,0,0.36982705373687463,24.62724935732648,4.709511568123394,0.49357326478149094
2020-03-23,NY,114.0,,0,,3125.0,3125.0,2629.0,771,,,,0,,,,,,20875.0,,5707,0,,,,,,,78565.0,16812,78565.0,16812,,,,,,0,,0,0.33945990958838923,29.341902313624676,3.9640102827763495,0.0
2020-03-22,NY,114.0,,70,,2354.0,2354.0,2043.0,823,,,,0,,,,,,15168.0,,4812,0,,,,,,,61753.0,16029,61753.0,16029,,,,,,0,,0,0.3002058768482126,24.740359897172237,4.231362467866324,0.35989717223650386
2020-03-21,NY,44.0,,9,,1531.0,1531.0,1436.0,1531,,,,0,,,,,,10356.0,,3254,0,,,,,,,45724.0,13087,45724.0,13087,,,,,,0,,0,0.24864369221364713,16.73007712082262,7.871465295629819,0.04627249357326478
2020-03-20,NY,35.0,,23,,,,1042.0,0,,,,0,,,,,,7102.0,,2950,0,,,,,,,32637.0,10124,32637.0,10124,,,,,,0,,0,0.2913868036349269,15.167095115681235,0.0,0.11825192802056556
2020-03-19,NY,12.0,,0,,,,617.0,0,,,,0,,,,,,4152.0,,1769,0,,,,,,,22513.0,7698,22513.0,7698,,,,,,0,,0,0.22979994803845155,9.095115681233933,0.0,0.0
2020-03-18,NY,12.0,,5,,,,416.0,0,,,,0,,,,,,2383.0,,1009,0,,,,,,,14815.0,4553,14815.0,4553,,,,,,0,,0,0.22161212387436854,5.187660668380463,0.0,0.025706940874035987
2020-03-17,NY,7.0,,0,,,,325.0,0,,,,0,,,,,,1374.0,,432,0,,,,,,,10262.0,2907,10262.0,2907,,,,,,0,,0,0.14860681114551083,2.2210796915167097,0.0,0.0
2020-03-16,NY,7.0,,4,,,,,0,,,,0,,,,,,942.0,,294,0,,,,,,,7355.0,1936,7355.0,1936,,,,,,0,,0,0.1518595041322314,1.5115681233933163,0.0,0.020565552699228794
2020-03-15,NY,3.0,,3,,,,,0,,,,0,,,,,,648.0,,131,0,,,,,,,5419.0,1293,5419.0,1293,,,,,,0,,0,0.10131477184841454,0.6735218508997429,0.0,0.015424164524421592
2020-03-14,NY,,,0,,,,,0,,,,0,,,,,,517.0,,164,0,,,,,,,4126.0,1290,4126.0,1290,,,,,,0,,0,0.12713178294573643,0.8431876606683805,0.0,0.0
2020-03-13,NY,,,0,,,,,0,,,,0,,,,,,353.0,,102,0,,,,,,,2836.0,762,2836.0,762,,,,,,0,,0,0.13385826771653545,0.5244215938303342,0.0,0.0
2020-03-12,NY,,,0,,,,,0,,,,0,,,,,,251.0,,56,0,,,,,,,2074.0,553,2074.0,553,,,,,,0,,0,0.10126582278481013,0.2879177377892031,0.0,0.0
2020-03-11,NY,,,0,,,,,0,,,,0,,,,,,195.0,,44,0,,,,,,,1521.0,425,1521.0,425,,,,,,0,,0,0.10352941176470588,0.2262210796915167,0.0,0.0
2020-03-10,NY,,,0,,,,,0,,,,0,,,,,,151.0,,63,0,,,,,,,1096.0,401,1096.0,401,,,,,,0,,0,0.1571072319201995,0.32390745501285345,0.0,0.0
2020-03-09,NY,,,0,,,,,0,,,,0,,,,,,88.0,,28,0,,,,,,,695.0,307,695.0,307,,,,,,0,,0,0.09120521172638436,0.14395886889460155,0.0,0.0
2020-03-08,NY,,,0,,,,,0,,,,0,,,,,,60.0,,24,0,,,,,,,388.0,200,388.0,200,,,,,,0,,0,0.12,0.12339331619537273,0.0,0.0
2020-03-07,NY,,,0,,,,,0,,,,0,,,,,,36.0,,11,0,,,,,,,188.0,66,188.0,66,,,,,,0,,0,0.16666666666666666,0.056555269922879174,0.0,0.0
2020-03-06,NY,,,0,,,,,0,,,,0,,,,,,25.0,,22,0,,,,,,,122.0,92,122.0,92,,,,,,0,,0,0.2391304347826087,0.11311053984575835,0.0,0.0
2020-03-05,NY,,,0,,,,,0,,,,0,,,,,,3.0,,2,0,,,,,,,30.0,20,30.0,20,,,,,,0,,0,0.1,0.010282776349614397,0.0,0.0
2020-03-04,NY,,0.0,0,,,,,0,,,,0,,,,,,1.0,,0,0,,,,,,,10.0,9,10.0,9,,,,,,0,,0,0.0,0.0,0.0,0.0
2020-03-03,NY,,,0,,,,,0,,,,0,,,,,,1.0,,1,0,,,,,,,1.0,1,1.0,1,,,,,,0,,0,1.0,0.0051413881748071984,0.0,0.0
2020-03-02,NY,,,0,,,,,0,,,,0,,,,,,0.0,,0,0,,,,,,,0.0,0,0.0,0,,,,,,0,,0,,0.0,0.0,0.0
