state,filed_week_ended,initial_claims,reflecting_week_ended,continued_claims,covered_employment,insured_unemployment_rate
California,2011-01-01,"73,293",12/25/2010,"603,897","14,229,335",4.24
California,2011-01-08,"90,829",1/1/2011,"645,820","14,173,472",4.56
California,2011-01-15,"76,520",1/8/2011,"679,492","14,173,472",4.79
California,2011-01-22,"62,745",1/15/2011,"594,074","14,173,472",4.19
California,2011-01-29,"75,019",1/22/2011,"650,368","14,173,472",4.59
California,2011-02-05,"73,325",1/29/2011,"642,559","14,173,472",4.53
California,2011-02-12,"70,262",2/5/2011,"627,285","14,173,472",4.43
California,2011-02-19,"68,060",2/12/2011,"660,214","14,173,472",4.66
California,2011-02-26,"55,330",2/19/2011,"572,701","14,173,472",4.04
California,2011-03-05,"68,718",2/26/2011,"643,518","14,173,472",4.54
California,2011-03-12,"63,228",3/5/2011,"614,229","14,173,472",4.33
California,2011-03-19,"61,078",3/12/2011,"626,105","14,173,472",4.42
California,2011-03-26,"64,658",3/19/2011,"603,901","14,173,472",4.26
California,2011-04-02,"56,563",3/26/2011,"610,500","14,173,472",4.31
California,2011-04-09,"82,209",4/2/2011,"584,805","14,155,103",4.13
California,2011-04-16,"64,192",4/9/2011,"591,037","14,155,103",4.18
California,2011-04-23,"63,828",4/16/2011,"579,312","14,155,103",4.09
California,2011-04-30,"60,683",4/23/2011,"568,128","14,155,103",4.01
California,2011-05-07,"64,698",4/30/2011,"573,156","14,155,103",4.05
California,2011-05-14,"57,870",5/7/2011,"546,868","14,155,103",3.86
California,2011-05-21,"64,923",5/14/2011,"548,959","14,155,103",3.88
California,2011-05-28,"63,309",5/21/2011,"550,443","14,155,103",3.89
California,2011-06-04,"60,799",5/28/2011,"484,936","14,155,103",3.43
California,2011-06-11,"64,683",6/4/2011,"518,293","14,155,103",3.66
California,2011-06-18,"69,076",6/11/2011,"534,857","14,155,103",3.78
California,2011-06-25,"74,451",6/18/2011,"525,401","14,155,103",3.71
California,2011-07-02,"76,392",6/25/2011,"534,804","14,155,103",3.78
California,2011-07-09,"60,641",7/2/2011,"486,509","14,170,992",3.43
California,2011-07-16,"81,454",7/9/2011,"557,226","14,170,992",3.93
California,2011-07-23,"57,765",7/16/2011,"561,808","14,170,992",3.96
California,2011-07-30,"56,781",7/23/2011,"557,342","14,170,992",3.93
California,2011-08-06,"64,629",7/30/2011,"550,783","14,170,992",3.89
California,2011-08-13,"53,717",8/6/2011,"527,554","14,170,992",3.72
California,2011-08-20,"54,332",8/13/2011,"538,684","14,170,992",3.8
California,2011-08-27,"57,669",8/20/2011,"523,603","14,170,992",3.69
California,2011-09-03,"57,093",8/27/2011,"524,095","14,170,992",3.7
California,2011-09-10,"53,772",9/3/2011,"475,227","14,170,992",3.35
California,2011-09-17,"54,840",9/10/2011,"502,303","14,170,992",3.54
California,2011-09-24,"53,619",9/17/2011,"489,962","14,170,992",3.46
California,2011-10-01,"56,146",9/24/2011,"484,625","14,170,992",3.42
California,2011-10-08,"70,028",10/1/2011,"472,893","14,206,272",3.33
California,2011-10-15,"61,086",10/8/2011,"470,559","14,206,272",3.31
California,2011-10-22,"68,262",10/15/2011,"487,093","14,206,272",3.43
California,2011-10-29,"62,629",10/22/2011,"494,044","14,206,272",3.48
California,2011-11-05,"64,078",10/29/2011,"491,546","14,206,272",3.46
California,2011-11-12,"54,696",11/5/2011,"464,388","14,206,272",3.27
California,2011-11-19,"73,916",11/12/2011,"529,514","14,206,272",3.73
California,2011-11-26,"46,476",11/19/2011,"420,655","14,206,272",2.96
California,2011-12-03,"74,256",11/26/2011,"575,228","14,206,272",4.05
California,2011-12-10,"58,673",12/3/2011,"538,828","14,206,272",3.79
California,2011-12-17,"63,427",12/10/2011,"539,118","14,206,272",3.79
California,2011-12-24,"79,917",12/17/2011,"528,551","14,206,272",3.72
California,2011-12-31,"55,948",12/24/2011,"516,961","14,206,272",3.64
California,2012-01-07,"78,116",12/31/2011,"536,704","14,206,272",3.78
California,2012-01-14,"79,798",1/7/2012,"571,648","14,214,535",4.02
California,2012-01-21,"59,100",1/14/2012,"568,109","14,214,535",4.0
California,2012-01-28,"63,671",1/21/2012,"570,411","14,214,535",4.01
California,2012-02-04,"69,535",1/28/2012,"582,587","14,214,535",4.1
California,2012-02-11,"61,073",2/4/2012,"566,150","14,214,535",3.98
California,2012-02-18,"59,621",2/11/2012,"579,713","14,214,535",4.08
California,2012-02-25,"55,090",2/18/2012,"547,636","14,214,535",3.85
California,2012-03-03,"59,410",2/25/2012,"575,234","14,214,535",4.05
California,2012-03-10,"54,714",3/3/2012,"579,410","14,214,535",4.08
California,2012-03-17,"53,111",3/10/2012,"560,516","14,214,535",3.94
California,2012-03-24,"55,310",3/17/2012,"562,420","14,214,535",3.96
California,2012-03-31,"54,627",3/24/2012,"560,127","14,214,535",3.94
California,2012-04-07,"61,214",3/31/2012,"542,385","14,214,535",3.82
California,2012-04-14,"64,274",4/7/2012,"543,929","14,265,490",3.81
California,2012-04-21,"63,217",4/14/2012,"546,327","14,265,490",3.83
California,2012-04-28,"56,427",4/21/2012,"532,644","14,265,490",3.73
California,2012-05-05,"58,040",4/28/2012,"523,775","14,265,490",3.67
California,2012-05-12,"54,562",5/5/2012,"508,470","14,265,490",3.56
California,2012-05-19,"57,278",5/12/2012,"510,048","14,265,490",3.58
California,2012-05-26,"56,934",5/19/2012,"481,791","14,265,490",3.38
California,2012-06-02,"52,766",5/26/2012,"464,868","14,265,490",3.26
California,2012-06-09,"65,753",6/2/2012,"474,722","14,265,490",3.33
California,2012-06-16,"57,737",6/9/2012,"483,295","14,265,490",3.39
California,2012-06-23,"65,976",6/16/2012,"477,201","14,265,490",3.35
California,2012-06-30,"67,021",6/23/2012,"477,971","14,265,490",3.35
California,2012-07-07,"58,005",6/30/2012,"446,885","14,265,490",3.13
California,2012-07-14,"84,249",7/7/2012,"492,307","14,313,238",3.44
California,2012-07-21,"52,142",7/14/2012,"511,942","14,313,238",3.58
California,2012-07-28,"47,404",7/21/2012,"506,841","14,313,238",3.54
California,2012-08-04,"50,473",7/28/2012,"500,102","14,313,238",3.49
California,2012-08-11,"58,414",8/4/2012,"497,159","14,313,238",3.47
California,2012-08-18,"52,865",8/11/2012,"482,250","14,313,238",3.37
California,2012-08-25,"51,108",8/18/2012,"495,432","14,313,238",3.46
California,2012-09-01,"51,062",8/25/2012,"477,821","14,313,238",3.34
California,2012-09-08,"42,899",9/1/2012,"437,339","14,313,238",3.06
California,2012-09-15,"61,421",9/8/2012,"449,337","14,313,238",3.14
California,2012-09-22,"47,894",9/15/2012,"464,722","14,313,238",3.25
California,2012-09-29,"49,963",9/22/2012,"448,847","14,313,238",3.14
California,2012-10-06,"44,984",9/29/2012,"452,530","14,313,238",3.16
California,2012-10-13,"71,919",10/6/2012,"428,546","14,405,801",2.97
California,2012-10-20,"55,333",10/13/2012,"446,781","14,405,801",3.1
California,2012-10-27,"56,472",10/20/2012,"457,896","14,405,801",3.18
California,2012-11-03,"48,323",10/27/2012,"429,239","14,405,801",2.98
California,2012-11-10,"73,016",11/3/2012,"465,727","14,405,801",3.23
California,2012-11-17,"46,679",11/10/2012,"424,226","14,405,801",2.94
California,2012-11-24,"39,626",11/17/2012,"386,244","14,405,801",2.68
California,2012-12-01,"64,037",11/24/2012,"504,047","14,405,801",3.5
California,2012-12-08,"69,989",12/1/2012,"480,087","14,405,801",3.33
California,2012-12-15,"63,122",12/8/2012,"505,927","14,405,801",3.51
California,2012-12-22,"51,333",12/15/2012,"488,724","14,405,801",3.39
California,2012-12-29,"53,345",12/22/2012,"476,587","14,405,801",3.31
California,2013-01-05,"62,036",12/29/2012,"495,994","14,405,801",3.44
California,2013-01-12,"72,268",1/5/2013,"531,567","14,454,680",3.68
California,2013-01-19,"68,650",1/12/2013,"513,167","14,454,680",3.55
California,2013-01-26,"48,236",1/19/2013,"515,609","14,454,680",3.57
California,2013-02-02,"60,020",1/26/2013,"548,829","14,454,680",3.8
California,2013-02-09,"55,190",2/2/2013,"522,272","14,454,680",3.61
California,2013-02-16,"81,873",2/9/2013,"556,801","14,454,680",3.85
California,2013-02-23,"41,521",2/16/2013,"480,702","14,454,680",3.33
California,2013-03-02,"53,241",2/23/2013,"540,456","14,454,680",3.74
California,2013-03-09,"47,052",3/2/2013,"500,748","14,454,680",3.46
California,2013-03-16,"50,059",3/9/2013,"530,818","14,454,680",3.67
California,2013-03-23,"58,771",3/16/2013,"526,334","14,454,680",3.64
California,2013-03-30,"56,110",3/23/2013,"547,144","14,454,680",3.79
California,2013-04-06,"43,217",3/30/2013,"494,955","14,454,680",3.42
California,2013-04-13,"67,520",4/6/2013,"494,422","14,577,342",3.39
California,2013-04-20,"50,839",4/13/2013,"491,553","14,577,342",3.37
California,2013-04-27,"47,118",4/20/2013,"465,720","14,577,342",3.19
California,2013-05-04,"47,193",4/27/2013,"499,308","14,577,342",3.43
California,2013-05-11,"62,253",5/4/2013,"478,472","14,577,342",3.28
California,2013-05-18,"45,919",5/11/2013,"421,478","14,577,342",2.89
California,2013-05-25,"54,541",5/18/2013,"473,416","14,577,342",3.25
California,2013-06-01,"45,745",5/25/2013,"422,951","14,577,342",2.9
California,2013-06-08,"44,536",6/1/2013,"420,814","14,577,342",2.89
California,2013-06-15,"59,877",6/8/2013,"457,250","14,577,342",3.14
California,2013-06-22,"66,058",6/15/2013,"443,420","14,577,342",3.04
California,2013-06-29,"56,735",6/22/2013,"438,935","14,577,342",3.01
California,2013-07-06,"52,470",6/29/2013,"460,771","14,577,342",3.16
California,2013-07-13,"59,269",7/6/2013,"558,161","14,692,916",3.8
California,2013-07-20,"66,992",7/13/2013,"504,844","14,692,916",3.44
California,2013-07-27,"45,513",7/20/2013,"441,122","14,692,916",3.0
California,2013-08-03,"49,228",7/27/2013,"498,413","14,692,916",3.39
California,2013-08-10,"45,123",8/3/2013,"439,914","14,692,916",2.99
California,2013-08-17,"50,990",8/10/2013,"484,069","14,692,916",3.29
California,2013-08-24,"48,446",8/17/2013,"458,852","14,692,916",3.12
California,2013-08-31,"43,458",8/24/2013,"424,986","14,692,916",2.89
California,2013-09-07,"18,046",8/31/2013,"302,786","14,692,916",2.06
California,2013-09-14,"40,657",9/7/2013,"306,763","14,692,916",2.09
California,2013-09-21,"36,903",9/14/2013,"356,924","14,692,916",2.43
California,2013-09-28,"37,948",9/21/2013,"441,211","14,692,916",3.0
California,2013-10-05,"71,602",9/28/2013,"428,705","14,692,916",2.92
California,2013-10-12,"83,383",10/5/2013,"375,783","14,813,922",2.54
California,2013-10-19,"70,350",10/12/2013,"399,840","14,813,922",2.7
California,2013-10-26,"65,890",10/19/2013,"442,939","14,813,922",2.99
California,2013-11-02,"63,422",10/26/2013,"426,251","14,813,922",2.88
California,2013-11-09,"68,159",11/2/2013,"384,958","14,813,922",2.6
California,2013-11-16,"63,515",11/9/2013,"411,257","14,813,922",2.78
California,2013-11-23,"71,841",11/16/2013,"459,808","14,813,922",3.1
California,2013-11-30,"51,921",11/23/2013,"360,981","14,813,922",2.44
California,2013-12-07,"73,797",11/30/2013,"505,600","14,813,922",3.41
California,2013-12-14,"78,419",12/7/2013,"486,723","14,813,922",3.29
California,2013-12-21,"72,990",12/14/2013,"497,644","14,813,922",3.36
California,2013-12-28,"58,355",12/21/2013,"411,286","14,813,922",2.78
California,2014-01-04,"54,871",12/28/2013,"472,222","14,813,922",3.19
California,2014-01-11,"63,190",1/4/2014,"526,165","14,948,302",3.52
California,2014-01-18,"74,898",1/11/2014,"526,131","14,948,302",3.52
California,2014-01-25,"72,535",1/18/2014,"488,316","14,948,302",3.27
California,2014-02-01,"62,904",1/25/2014,"515,291","14,948,302",3.45
California,2014-02-08,"64,049",2/1/2014,"549,507","14,948,302",3.68
California,2014-02-15,"69,881",2/8/2014,"545,367","14,948,302",3.65
California,2014-02-22,"64,908",2/15/2014,"531,405","14,948,302",3.55
California,2014-03-01,"59,143",2/22/2014,"546,744","14,948,302",3.66
California,2014-03-08,"57,881",3/1/2014,"545,757","14,948,302",3.65
California,2014-03-15,"61,070",3/8/2014,"542,770","14,948,302",3.63
California,2014-03-22,"52,345",3/15/2014,"504,565","14,948,302",3.38
California,2014-03-29,"69,971",3/22/2014,"534,434","14,948,302",3.58
California,2014-04-05,"56,079",3/29/2014,"482,835","14,948,302",3.23
California,2014-04-12,"65,292",4/5/2014,"469,187","15,023,327",3.12
California,2014-04-19,"62,405",4/12/2014,"475,987","15,023,327",3.17
California,2014-04-26,"61,168",4/19/2014,"486,463","15,023,327",3.24
California,2014-05-03,"57,455",4/26/2014,"471,942","15,023,327",3.14
California,2014-05-10,"49,804",5/3/2014,"451,843","15,023,327",3.01
California,2014-05-17,"54,281",5/10/2014,"446,698","15,023,327",2.97
California,2014-05-24,"53,111",5/17/2014,"431,112","15,023,327",2.87
California,2014-05-31,"51,167",5/24/2014,"402,159","15,023,327",2.68
California,2014-06-07,"61,102",5/31/2014,"425,034","15,023,327",2.83
California,2014-06-14,"61,772",6/7/2014,"416,501","15,023,327",2.77
California,2014-06-21,"62,327",6/14/2014,"414,824","15,023,327",2.76
California,2014-06-28,"55,033",6/21/2014,"409,662","15,023,327",2.73
California,2014-07-05,"51,025",6/28/2014,"390,393","15,023,327",2.6
California,2014-07-12,"62,151",7/5/2014,"419,338","15,136,344",2.77
California,2014-07-19,"55,929",7/12/2014,"421,331","15,136,344",2.78
California,2014-07-26,"54,180",7/19/2014,"416,442","15,136,344",2.75
California,2014-08-02,"44,936",7/26/2014,"416,489","15,136,344",2.75
California,2014-08-09,"55,043",8/2/2014,"423,628","15,136,344",2.8
California,2014-08-16,"46,272",8/9/2014,"399,371","15,136,344",2.64
California,2014-08-23,"47,139",8/16/2014,"405,581","15,136,344",2.68
California,2014-08-30,"48,702",8/23/2014,"390,512","15,136,344",2.58
California,2014-09-06,"37,734",8/30/2014,"348,517","15,136,344",2.3
California,2014-09-13,"43,003",9/6/2014,"365,470","15,136,344",2.41
California,2014-09-20,"51,833",9/13/2014,"386,612","15,136,344",2.55
California,2014-09-27,"44,118",9/20/2014,"370,329","15,136,344",2.45
California,2014-10-04,"45,943",9/27/2014,"350,650","15,136,344",2.32
California,2014-10-11,"46,671",10/4/2014,"354,764","15,245,478",2.33
California,2014-10-18,"49,425",10/11/2014,"339,212","15,245,478",2.23
California,2014-10-25,"52,364",10/18/2014,"385,623","15,245,478",2.53
California,2014-11-01,"48,514",10/25/2014,"352,776","15,245,478",2.31
California,2014-11-08,"58,026",11/1/2014,"386,772","15,245,478",2.54
California,2014-11-15,"40,438",11/8/2014,"351,320","15,245,478",2.3
California,2014-11-22,"59,611",11/15/2014,"386,060","15,245,478",2.53
California,2014-11-29,"45,792",11/22/2014,"315,741","15,245,478",2.07
California,2014-12-06,"51,843",11/29/2014,"448,997","15,245,478",2.95
California,2014-12-13,"63,637",12/6/2014,"387,307","15,245,478",2.54
California,2014-12-20,"47,498",12/13/2014,"429,063","15,245,478",2.81
California,2014-12-27,"54,045",12/20/2014,"377,231","15,245,478",2.47
California,2015-01-03,"40,784",12/27/2014,"420,154","15,245,478",2.76
California,2015-01-10,"66,906",1/3/2015,"423,923","15,354,250",2.76
California,2015-01-17,"62,191",1/10/2015,"464,163","15,354,250",3.02
California,2015-01-24,"40,605",1/17/2015,"390,977","15,354,250",2.55
California,2015-01-31,"58,673",1/24/2015,"468,557","15,354,250",3.05
California,2015-02-07,"61,006",1/31/2015,"431,740","15,354,250",2.81
California,2015-02-14,"46,871",2/7/2015,"452,876","15,354,250",2.95
California,2015-02-21,"43,039",2/14/2015,"420,633","15,354,250",2.74
California,2015-02-28,"47,589",2/21/2015,"453,566","15,354,250",2.95
California,2015-03-07,"45,764",2/28/2015,"444,014","15,354,250",2.89
California,2015-03-14,"46,784",3/7/2015,"432,241","15,354,250",2.82
California,2015-03-21,"44,249",3/14/2015,"458,111","15,354,250",2.98
California,2015-03-28,"43,250",3/21/2015,"419,464","15,354,250",2.73
California,2015-04-04,"39,603",3/28/2015,"401,616","15,354,250",2.62
California,2015-04-11,"50,178",4/4/2015,"384,669","15,525,569",2.48
California,2015-04-18,"51,521",4/11/2015,"403,219","15,525,569",2.6
California,2015-04-25,"47,303",4/18/2015,"411,700","15,525,569",2.65
California,2015-05-02,"45,550",4/25/2015,"393,899","15,525,569",2.54
California,2015-05-09,"45,289",5/2/2015,"397,919","15,525,569",2.56
California,2015-05-16,"42,759",5/9/2015,"372,770","15,525,569",2.4
California,2015-05-23,"42,678",5/16/2015,"375,918","15,525,569",2.42
California,2015-05-30,"34,787",5/23/2015,"327,528","15,525,569",2.11
California,2015-06-06,"45,704",5/30/2015,"368,285","15,525,569",2.37
California,2015-06-13,"43,112",6/6/2015,"347,060","15,525,569",2.24
California,2015-06-20,"45,297",6/13/2015,"358,319","15,525,569",2.31
California,2015-06-27,"48,227",6/20/2015,"347,736","15,525,569",2.24
California,2015-07-04,"53,941",6/27/2015,"372,194","15,525,569",2.4
California,2015-07-11,"46,942",7/4/2015,"354,829","15,580,610",2.28
California,2015-07-18,"48,890",7/11/2015,"356,765","15,580,610",2.29
California,2015-07-25,"45,028",7/18/2015,"373,848","15,580,610",2.4
California,2015-08-01,"41,871",7/25/2015,"365,036","15,580,610",2.34
California,2015-08-08,"44,369",8/1/2015,"369,801","15,580,610",2.37
California,2015-08-15,"44,200",8/8/2015,"354,167","15,580,610",2.27
California,2015-08-22,"42,898",8/15/2015,"363,099","15,580,610",2.33
California,2015-08-29,"41,597",8/22/2015,"355,479","15,580,610",2.28
California,2015-09-05,"42,125",8/29/2015,"348,562","15,580,610",2.24
California,2015-09-12,"36,839",9/5/2015,"322,058","15,580,610",2.07
California,2015-09-19,"40,564",9/12/2015,"338,981","15,580,610",2.18
California,2015-09-26,"40,180",9/19/2015,"336,664","15,580,610",2.16
California,2015-10-03,"42,531",9/26/2015,"329,972","15,580,610",2.12
California,2015-10-10,"44,298",10/3/2015,"313,322","15,685,876",2.0
California,2015-10-17,"43,592",10/10/2015,"307,831","15,685,876",1.96
California,2015-10-24,"45,861",10/17/2015,"329,502","15,685,876",2.1
California,2015-10-31,"48,011",10/24/2015,"327,658","15,685,876",2.09
California,2015-11-07,"47,675",10/31/2015,"331,961","15,685,876",2.12
California,2015-11-14,"45,851",11/7/2015,"316,408","15,685,876",2.02
California,2015-11-21,"53,792",11/14/2015,"351,182","15,685,876",2.24
California,2015-11-28,"33,484",11/21/2015,"268,975","15,685,876",1.71
California,2015-12-05,"55,971",11/28/2015,"425,481","15,685,876",2.71
California,2015-12-12,"55,903",12/5/2015,"379,914","15,685,876",2.42
California,2015-12-19,"53,000",12/12/2015,"387,490","15,685,876",2.47
California,2015-12-26,"43,100",12/19/2015,"333,886","15,685,876",2.13
California,2016-01-02,"40,909",12/26/2015,"378,586","15,685,876",2.41
California,2016-01-09,"58,280",1/2/2016,"425,252","15,796,759",2.69
California,2016-01-16,"74,705",1/9/2016,"421,761","15,796,759",2.67
California,2016-01-23,"53,436",1/16/2016,"405,280","15,796,759",2.57
California,2016-01-30,"50,563",1/23/2016,"426,884","15,796,759",2.7
California,2016-02-06,"49,006",1/30/2016,"414,632","15,796,759",2.62
California,2016-02-13,"47,599",2/6/2016,"417,123","15,796,759",2.64
California,2016-02-20,"42,084",2/13/2016,"384,556","15,796,759",2.43
California,2016-02-27,"46,430",2/20/2016,"435,303","15,796,759",2.76
California,2016-03-05,"45,142",2/27/2016,"415,193","15,796,759",2.63
California,2016-03-12,"46,501",3/5/2016,"427,541","15,796,759",2.71
California,2016-03-19,"44,151",3/12/2016,"416,514","15,796,759",2.64
California,2016-03-26,"43,613",3/19/2016,"411,440","15,796,759",2.6
California,2016-04-02,"36,495",3/26/2016,"404,644","15,796,759",2.56
California,2016-04-09,"49,058",4/2/2016,"385,140","15,932,223",2.42
California,2016-04-16,"50,147",4/9/2016,"384,589","15,932,223",2.41
California,2016-04-23,"46,601",4/16/2016,"393,885","15,932,223",2.47
California,2016-04-30,"42,674",4/23/2016,"379,128","15,932,223",2.38
California,2016-05-07,"41,853",4/30/2016,"373,021","15,932,223",2.34
California,2016-05-14,"43,498",5/7/2016,"364,633","15,932,223",2.29
California,2016-05-21,"40,546",5/14/2016,"359,256","15,932,223",2.25
California,2016-05-28,"44,373",5/21/2016,"352,879","15,932,223",2.21
California,2016-06-04,"35,335",5/28/2016,"315,430","15,932,223",1.98
California,2016-06-11,"54,097",6/4/2016,"342,261","15,932,223",2.15
California,2016-06-18,"44,571",6/11/2016,"344,787","15,932,223",2.16
California,2016-06-25,"49,734",6/18/2016,"342,724","15,932,223",2.15
California,2016-07-02,"45,915",6/25/2016,"354,923","15,932,223",2.23
California,2016-07-09,"39,137",7/2/2016,"318,772","16,049,781",1.99
California,2016-07-16,"44,078",7/9/2016,"358,938","16,049,781",2.24
California,2016-07-23,"42,549",7/16/2016,"350,989","16,049,781",2.19
California,2016-07-30,"43,036",7/23/2016,"358,923","16,049,781",2.24
California,2016-08-06,"43,415",7/30/2016,"351,250","16,049,781",2.19
California,2016-08-13,"41,738",8/6/2016,"354,052","16,049,781",2.21
California,2016-08-20,"38,776",8/13/2016,"348,813","16,049,781",2.17
California,2016-08-27,"40,404",8/20/2016,"359,363","16,049,781",2.24
California,2016-09-03,"40,240",8/27/2016,"336,929","16,049,781",2.1
California,2016-09-10,"35,613",9/3/2016,"317,781","16,049,781",1.98
California,2016-09-17,"38,765",9/10/2016,"322,285","16,049,781",2.01
California,2016-09-24,"38,021",9/17/2016,"322,607","16,049,781",2.01
California,2016-10-01,"38,281",9/24/2016,"314,645","16,049,781",1.96
California,2016-10-08,"43,422",10/1/2016,"320,241","16,170,165",1.98
California,2016-10-15,"46,010",10/8/2016,"301,777","16,170,165",1.87
California,2016-10-22,"44,406",10/15/2016,"319,330","16,170,165",1.97
California,2016-10-29,"46,393",10/22/2016,"316,187","16,170,165",1.96
California,2016-11-05,"47,345",10/29/2016,"320,612","16,170,165",1.98
California,2016-11-12,"39,455",11/5/2016,"311,269","16,170,165",1.92
California,2016-11-19,"53,669",11/12/2016,"353,912","16,170,165",2.19
California,2016-11-26,"42,330",11/19/2016,"295,675","16,170,165",1.83
California,2016-12-03,"53,810",11/26/2016,"383,139","16,170,165",2.37
California,2016-12-10,"50,637",12/3/2016,"366,490","16,170,165",2.27
California,2016-12-17,"50,254",12/10/2016,"377,184","16,170,165",2.33
California,2016-12-24,"52,811",12/17/2016,"364,428","16,170,165",2.25
California,2016-12-31,"37,975",12/24/2016,"349,709","16,170,165",2.16
California,2017-01-07,"43,975",12/31/2016,"377,379","16,170,165",2.33
California,2017-01-14,"60,959",1/7/2017,"419,806","16,288,780",2.58
California,2017-01-21,"61,914",1/14/2017,"382,714","16,288,780",2.35
California,2017-01-28,"53,825",1/21/2017,"429,836","16,288,780",2.64
California,2017-02-04,"45,464",1/28/2017,"407,599","16,288,780",2.5
California,2017-02-11,"49,677",2/4/2017,"422,195","16,288,780",2.59
California,2017-02-18,"48,928",2/11/2017,"431,201","16,288,780",2.65
California,2017-02-25,"43,328",2/18/2017,"400,795","16,288,780",2.46
California,2017-03-04,"45,208",2/25/2017,"435,797","16,288,780",2.68
California,2017-03-11,"45,766",3/4/2017,"434,160","16,288,780",2.67
California,2017-03-18,"41,002",3/11/2017,"400,481","16,288,780",2.46
California,2017-03-25,"42,605",3/18/2017,"416,245","16,288,780",2.56
California,2017-04-01,"35,367",3/25/2017,"393,445","16,288,780",2.42
California,2017-04-08,"43,753",4/1/2017,"401,748","16,386,501",2.45
California,2017-04-15,"47,139",4/8/2017,"381,526","16,386,501",2.33
California,2017-04-22,"45,118",4/15/2017,"384,361","16,386,501",2.35
California,2017-04-29,"43,906",4/22/2017,"381,890","16,386,501",2.33
California,2017-05-06,"43,076",4/29/2017,"364,455","16,386,501",2.22
California,2017-05-13,"37,564",5/6/2017,"341,907","16,386,501",2.09
California,2017-05-20,"38,020",5/13/2017,"351,230","16,386,501",2.14
California,2017-05-27,"42,833",5/20/2017,"344,586","16,386,501",2.1
California,2017-06-03,"34,520",5/27/2017,"306,664","16,386,501",1.87
California,2017-06-10,"40,929",6/3/2017,"335,391","16,386,501",2.05
California,2017-06-17,"42,543",6/10/2017,"328,443","16,386,501",2.0
California,2017-06-24,"46,687",6/17/2017,"327,958","16,386,501",2.0
California,2017-07-01,"46,015",6/24/2017,"349,417","16,386,501",2.13
California,2017-07-08,"37,798",7/1/2017,"305,196","16,471,222",1.85
California,2017-07-15,"44,660",7/8/2017,"350,317","16,471,222",2.13
California,2017-07-22,"44,966",7/15/2017,"341,278","16,471,222",2.07
California,2017-07-29,"42,475",7/22/2017,"340,754","16,471,222",2.07
California,2017-08-05,"39,523",7/29/2017,"346,962","16,471,222",2.11
California,2017-08-12,"37,072",8/5/2017,"330,965","16,471,222",2.01
California,2017-08-19,"37,843",8/12/2017,"337,727","16,471,222",2.05
California,2017-08-26,"38,819",8/19/2017,"329,595","16,471,222",2.0
California,2017-09-02,"37,777",8/26/2017,"327,903","16,471,222",1.99
California,2017-09-09,"30,402",9/2/2017,"297,261","16,471,222",1.8
California,2017-09-16,"39,899",9/9/2017,"313,472","16,471,222",1.9
California,2017-09-23,"39,371",9/16/2017,"310,142","16,471,222",1.88
California,2017-09-30,"37,388",9/23/2017,"306,277","16,471,222",1.86
California,2017-10-07,"41,888",9/30/2017,"300,200","16,471,222",1.82
California,2017-10-14,"40,977",10/7/2017,"283,405","16,550,811",1.71
California,2017-10-21,"41,871",10/14/2017,"296,407","16,550,811",1.79
California,2017-10-28,"43,283",10/21/2017,"302,351","16,550,811",1.83
California,2017-11-04,"43,653",10/28/2017,"312,899","16,550,811",1.89
California,2017-11-11,"44,894",11/4/2017,"284,449","16,550,811",1.72
California,2017-11-18,"50,994",11/11/2017,"324,625","16,550,811",1.96
California,2017-11-25,"35,936",11/18/2017,"254,163","16,550,811",1.54
California,2017-12-02,"54,267",11/25/2017,"380,313","16,550,811",2.3
California,2017-12-09,"47,792",12/2/2017,"334,048","16,550,811",2.02
California,2017-12-16,"47,721",12/9/2017,"369,439","16,550,811",2.23
California,2017-12-23,"45,239",12/16/2017,"348,593","16,550,811",2.11
California,2017-12-30,"35,363",12/23/2017,"348,237","16,550,811",2.1
California,2018-01-06,"47,290",12/30/2017,"347,280","16,550,811",2.1
California,2018-01-13,"58,962",1/6/2018,"383,701","16,632,810",2.31
California,2018-01-20,"51,749",1/13/2018,"339,287","16,632,810",2.04
California,2018-01-27,"49,062",1/20/2018,"398,473","16,632,810",2.4
California,2018-02-03,"43,687",1/27/2018,"380,202","16,632,810",2.29
California,2018-02-10,"41,154",2/3/2018,"405,765","16,632,810",2.44
California,2018-02-17,"40,230",2/10/2018,"371,984","16,632,810",2.24
California,2018-02-24,"31,072",2/17/2018,"392,058","16,632,810",2.36
California,2018-03-03,"42,718",2/24/2018,"368,738","16,632,810",2.22
California,2018-03-10,"44,552",3/3/2018,"398,557","16,632,810",2.4
California,2018-03-17,"42,127",3/10/2018,"377,516","16,632,810",2.27
California,2018-03-24,"39,173",3/17/2018,"399,410","16,632,810",2.4
California,2018-03-31,"39,130",3/24/2018,"362,286","16,632,810",2.18
California,2018-04-07,"41,072",3/31/2018,"387,730","16,632,810",2.33
California,2018-04-14,"45,026",4/7/2018,"361,512","16,710,351",2.16
California,2018-04-21,"40,673",4/14/2018,"386,990","16,710,351",2.32
California,2018-04-28,"39,940",4/21/2018,"337,467","16,710,351",2.02
California,2018-05-05,"39,065",4/28/2018,"370,182","16,710,351",2.22
California,2018-05-12,"39,382",5/5/2018,"323,744","16,710,351",1.94
California,2018-05-19,"41,544",5/12/2018,"335,046","16,710,351",2.01
California,2018-05-26,"37,545",5/19/2018,"326,317","16,710,351",1.95
California,2018-06-02,"35,607",5/26/2018,"310,451","16,710,351",1.86
California,2018-06-09,"40,198",6/2/2018,"305,840","16,710,351",1.83
California,2018-06-16,"41,417",6/9/2018,"309,011","16,710,351",1.85
California,2018-06-23,"46,837",6/16/2018,"301,549","16,710,351",1.8
California,2018-06-30,"40,433",6/23/2018,"316,331","16,710,351",1.89
California,2018-07-07,"35,046",6/30/2018,"292,678","16,710,351",1.75
California,2018-07-14,"41,391",7/7/2018,"321,230","16,799,074",1.91
California,2018-07-21,"39,610",7/14/2018,"321,417","16,799,074",1.91
California,2018-07-28,"36,564",7/21/2018,"308,049","16,799,074",1.83
California,2018-08-04,"37,852",7/28/2018,"324,126","16,799,074",1.93
California,2018-08-11,"36,609",8/4/2018,"310,455","16,799,074",1.85
California,2018-08-18,"37,154",8/11/2018,"319,025","16,799,074",1.9
California,2018-08-25,"35,722",8/18/2018,"303,782","16,799,074",1.81
California,2018-09-01,"35,413",8/25/2018,"305,384","16,799,074",1.82
California,2018-09-08,"31,348",9/1/2018,"275,418","16,799,074",1.64
California,2018-09-15,"33,418",9/8/2018,"287,158","16,799,074",1.71
California,2018-09-22,"34,363",9/15/2018,"282,235","16,799,074",1.68
California,2018-09-29,"33,403",9/22/2018,"282,559","16,799,074",1.68
California,2018-10-06,"38,015",9/29/2018,"274,676","16,799,074",1.64
California,2018-10-13,"40,612",10/6/2018,"268,204","16,900,653",1.59
California,2018-10-20,"39,783",10/13/2018,"270,349","16,900,653",1.6
California,2018-10-27,"38,096",10/20/2018,"281,013","16,900,653",1.66
California,2018-11-03,"40,888",10/27/2018,"276,927","16,900,653",1.64
California,2018-11-10,"45,094",11/3/2018,"286,543","16,900,653",1.7
California,2018-11-17,"38,233",11/10/2018,"271,293","16,900,653",1.61
California,2018-11-24,"33,988",11/17/2018,"258,905","16,900,653",1.53
California,2018-12-01,"55,049",11/24/2018,"313,468","16,900,653",1.85
California,2018-12-08,"47,395",12/1/2018,"325,163","16,900,653",1.92
California,2018-12-15,"47,515",12/8/2018,"327,460","16,900,653",1.94
California,2018-12-22,"48,469",12/15/2018,"336,011","16,900,653",1.99
California,2018-12-29,"38,362",12/22/2018,"310,725","16,900,653",1.84
California,2019-01-05,"38,536",12/29/2018,"348,968","16,900,653",2.06
California,2019-01-12,"53,519",1/5/2019,"366,000","16,987,900",2.15
California,2019-01-19,"48,844",1/12/2019,"371,261","16,987,900",2.19
California,2019-01-26,"56,886",1/19/2019,"388,607","16,987,900",2.29
California,2019-02-02,"48,904",1/26/2019,"363,358","16,987,900",2.14
California,2019-02-09,"44,850",2/2/2019,"371,696","16,987,900",2.19
California,2019-02-16,"43,516",2/9/2019,"360,835","16,987,900",2.12
California,2019-02-23,"34,449",2/16/2019,"386,100","16,987,900",2.27
California,2019-03-02,"41,085",2/23/2019,"380,331","16,987,900",2.24
California,2019-03-09,"40,896",3/2/2019,"402,138","16,987,900",2.37
California,2019-03-16,"41,128",3/9/2019,"372,306","16,987,900",2.19
California,2019-03-23,"39,832",3/16/2019,"384,846","16,987,900",2.27
California,2019-03-30,"38,528",3/23/2019,"368,658","16,987,900",2.17
California,2019-04-06,"36,227",3/30/2019,"373,823","16,987,900",2.2
California,2019-04-13,"39,429",4/6/2019,"347,023","17,063,245",2.03
California,2019-04-20,"43,900",4/13/2019,"361,762","17,063,245",2.12
California,2019-04-27,"40,312",4/20/2019,"333,180","17,063,245",1.95
California,2019-05-04,"38,392",4/27/2019,"342,461","17,063,245",2.01
California,2019-05-11,"39,618",5/4/2019,"330,763","17,063,245",1.94
California,2019-05-18,"37,428",5/11/2019,"344,735","17,063,245",2.02
California,2019-05-25,"38,275",5/18/2019,"319,156","17,063,245",1.87
California,2019-06-01,"34,781",5/25/2019,"317,598","17,063,245",1.86
California,2019-06-08,"41,288",6/1/2019,"317,108","17,063,245",1.86
California,2019-06-15,"38,753",6/8/2019,"300,412","17,063,245",1.76
California,2019-06-22,"44,396",6/15/2019,"306,005","17,063,245",1.79
California,2019-06-29,"42,404",6/22/2019,"300,575","17,063,245",1.76
California,2019-07-06,"35,194",6/29/2019,"307,450","17,063,245",1.8
California,2019-07-13,"39,061",7/6/2019,"301,444","17,144,715",1.76
California,2019-07-20,"39,341",7/13/2019,"306,388","17,144,715",1.79
California,2019-07-27,"38,438",7/20/2019,"311,686","17,144,715",1.82
California,2019-08-03,"36,041",7/27/2019,"305,372","17,144,715",1.78
California,2019-08-10,"41,404",8/3/2019,"329,057","17,144,715",1.92
California,2019-08-17,"35,430",8/10/2019,"294,646","17,144,715",1.72
California,2019-08-24,"34,596",8/17/2019,"307,762","17,144,715",1.8
California,2019-08-31,"34,358",8/24/2019,"290,655","17,144,715",1.7
California,2019-09-07,"30,771",8/31/2019,"269,570","17,144,715",1.57
California,2019-09-14,"34,650",9/7/2019,"285,564","17,144,715",1.67
California,2019-09-21,"35,161",9/14/2019,"279,176","17,144,715",1.63
California,2019-09-28,"33,226",9/21/2019,"277,881","17,144,715",1.62
California,2019-10-05,"33,326",9/28/2019,"276,630","17,144,715",1.61
California,2019-10-12,"40,182",10/5/2019,"260,397","17,203,829",1.51
California,2019-10-19,"39,191",10/12/2019,"258,717","17,203,829",1.5
California,2019-10-26,"41,081",10/19/2019,"281,060","17,203,829",1.63
California,2019-11-02,"39,332",10/26/2019,"267,628","17,203,829",1.56
California,2019-11-09,"45,816",11/2/2019,"284,199","17,203,829",1.65
California,2019-11-16,"40,749",11/9/2019,"274,354","17,203,829",1.59
California,2019-11-23,"49,133",11/16/2019,"291,706","17,203,829",1.7
California,2019-11-30,"36,457",11/23/2019,"259,563","17,203,829",1.51
California,2019-12-07,"48,434",11/30/2019,"327,504","17,203,829",1.9
California,2019-12-14,"47,521",12/7/2019,"321,564","17,203,829",1.87
California,2019-12-21,"49,943",12/14/2019,"325,387","17,203,829",1.89
California,2019-12-28,"34,301",12/21/2019,"300,551","17,203,829",1.75
California,2020-01-04,"36,720",12/28/2019,"359,606","17,203,829",2.09
California,2020-01-11,"51,993",1/4/2020,"356,376","17,265,039",2.06
California,2020-01-18,"64,858",1/11/2020,"376,947","17,265,039",2.18
California,2020-01-25,"45,596",1/18/2020,"336,269","17,265,039",1.95
California,2020-02-01,"43,458",1/25/2020,"388,341","17,265,039",2.25
California,2020-02-08,"40,392",2/1/2020,"359,156","17,265,039",2.08
California,2020-02-15,"43,445",2/8/2020,"375,305","17,265,039",2.17
California,2020-02-22,"34,979",2/15/2020,"349,252","17,265,039",2.02
California,2020-02-29,"41,678",2/22/2020,"369,988","17,265,039",2.14
California,2020-03-07,"43,385",2/29/2020,"378,864","17,265,039",2.19
California,2020-03-14,"57,606",3/7/2020,"351,344","17,265,039",2.04
California,2020-03-21,"186,333",3/14/2020,"421,912","17,265,039",2.44
California,2020-03-28,"1,058,325",3/21/2020,"400,565","17,265,039",2.32
California,2020-04-04,"918,814",3/28/2020,"1,076,761","17,265,039",6.24
California,2020-04-11,"655,472",4/4/2020,"1,429,954","17,330,010",8.25
California,2020-04-18,"528,360",4/11/2020,"2,422,458","17,330,010",13.98
California,2020-04-25,"325,343",4/18/2020,"1,887,575","17,330,010",10.89
California,2020-05-02,"316,257",4/25/2020,"4,808,361","17,330,010",27.75
California,2020-05-09,"212,667",5/2/2020,"2,850,204","17,330,010",16.45
California,2020-05-16,"244,431",5/9/2020,"3,565,153","17,330,010",20.57
California,2020-05-23,"203,262",5/16/2020,"2,155,310","17,330,010",12.44
California,2020-05-30,"228,634",5/23/2020,"2,752,401","17,330,010",15.88
California,2020-06-06,"255,836",5/30/2020,"2,812,484","17,330,010",16.23
California,2020-06-13,"241,424",6/6/2020,"3,001,413","17,330,010",17.32
California,2020-06-20,"284,494",6/13/2020,"2,779,425","17,330,010",16.04
California,2020-06-27,"277,362",6/20/2020,"2,901,601","17,330,010",16.74
California,2020-07-04,"264,791",6/27/2020,"2,758,474","17,330,010",15.92
California,2020-07-11,"284,914",7/4/2020,"2,946,807","17,396,834",16.94
California,2020-07-18,"289,594",7/11/2020,"2,704,904","17,396,834",15.55
California,2020-07-25,"244,653",7/18/2020,"3,140,619","17,396,834",18.05
California,2020-08-01,"222,043",7/25/2020,"2,789,482","17,396,834",16.03
California,2020-08-08,"202,509",8/1/2020,"2,961,188","17,396,834",17.02
California,2020-08-15,"190,354",8/8/2020,"2,806,840","17,396,834",16.13
California,2020-08-22,"196,916",8/15/2020,"2,837,991","17,396,834",16.31
California,2020-08-29,"219,563",8/22/2020,"2,570,005","17,396,834",14.77
California,2020-09-05,"243,404",8/29/2020,"3,012,587","17,396,834",17.32
California,2020-09-12,"226,004",9/5/2020,"2,724,331","17,396,834",15.66
California,2020-09-19,"226,179",9/12/2020,"2,802,145","17,396,834",16.11
California,2020-09-26,"171,220",9/19/2020,"2,274,592","17,396,834",13.07
California,2020-10-03,"148,213",9/26/2020,"2,212,779","17,396,834",12.72
California,2020-10-10,"176,083",10/3/2020,"2,011,273","17,473,068",11.51
California,2020-10-17,"159,876",10/10/2020,"1,836,240","17,473,068",10.51
California,2020-10-24,"152,176",10/17/2020,"1,653,245","17,473,068",9.46
California,2020-10-31,"152,480",10/24/2020,"1,561,263","17,473,068",8.94
California,2020-11-07,"157,773",10/31/2020,"1,446,336","17,473,068",8.28
California,2020-11-14,"158,825",11/7/2020,"1,388,837","17,473,068",7.95
California,2020-11-21,"168,186",11/14/2020,"1,277,409","17,473,068",7.31
California,2020-11-28,"130,383",11/21/2020,"1,103,423","17,473,068",6.31
California,2020-12-05,"178,724",11/28/2020,"1,224,826","17,473,068",7.01
California,2020-12-12,"204,388",12/5/2020,"1,159,688","17,473,068",6.64
California,2020-12-19,"158,661",12/12/2020,"1,006,699","17,473,068",5.76
California,2020-12-26,"168,732",12/19/2020,"1,048,514","17,473,068",6.0
California,2021-01-02,"160,989",12/26/2020,"876,615","17,473,068",5.02
California,2021-01-09,"182,625",1/2/2021,"973,908","16,937,325",5.75
California,2021-01-16,"117,242",1/9/2021,"894,354","16,937,325",5.28
California,2021-01-23,"58,226",1/16/2021,"816,618","16,937,325",4.82
California,2021-01-30,"109,251",1/23/2021,"778,456","16,937,325",4.6
California,2021-02-06,"137,939",1/30/2021,"771,537","16,937,325",4.56
California,2021-02-13,"139,603",2/6/2021,"728,794","16,937,325",4.3
California,2021-02-20,"90,465",2/13/2021,"792,120","16,937,325",4.68
California,2021-02-27,"88,978",2/20/2021,"765,925","16,937,325",4.52
California,2021-03-06,"106,771",2/27/2021,"705,063","16,937,325",4.16
California,2021-03-13,"109,327",3/6/2021,"679,163","16,937,325",4.01
California,2021-03-20,"95,996",3/13/2021,"679,785","16,937,325",4.01
California,2021-03-27,"106,404",3/20/2021,"633,592","16,937,325",3.74
California,2021-04-03,"81,373",3/27/2021,"630,126","16,937,325",3.72
California,2021-04-10,"69,458",4/3/2021,"603,980","16,483,973",3.66
,,,,,,
Run Date: 4/27/2021,,,,,,
