deathIncrease,positiveIncrease,totalTestResultsIncrease,population,testingIncreaseRate,positiveIncreaseRate,percent_positiveIncreaseRate,deathIncreaseRate
0,0,0,7614893,0.0,0.0,0.0,0.0
0,0,0,7614893,0.0,0.0,0.0,0.0
0,0,0,7614893,0.0,0.0,0.0,0.0
0,0,0,7614893,0.0,0.0,0.0,0.0
0,0,0,7614893,0.0,0.0,0.0,0.0
0,0,0,7614893,0.0,0.0,0.0,0.0
0,1,0,7614893,0.0,0.013132160885254724,inf,0.0
0,0,0,7614893,0.0,0.0,0.0,0.0
0,1,0,7614893,0.0,0.013132160885254724,inf,0.0
0,0,0,14507396,0.0,0.0,0.0,0.0
0,0,1,14507396,0.006893035800497898,0.0,0.0,0.0
0,0,0,14507396,0.0,0.0,0.0,0.0
0,0,0,14507396,0.0,0.0,0.0,0.0
0,0,0,14507396,0.0,0.0,0.0,0.0
0,0,1,23042915,0.004339728719218033,0.0,0.0,0.0
0,0,0,23042915,0.0,0.0,0.0,0.0
0,0,1,23042915,0.004339728719218033,0.0,0.0,0.0
0,0,0,23042915,0.0,0.0,0.0,0.0
0,0,0,23042915,0.0,0.0,0.0,0.0
0,0,0,23042915,0.0,0.0,0.0,0.0
0,0,0,23042915,0.0,0.0,0.0,0.0
0,1,3,23042915,0.0130191861576541,0.004339728719218033,0.3333333333333333,0.0
0,0,2,23042915,0.008679457438436067,0.0,0.0,0.0
0,0,0,23042915,0.0,0.0,0.0,0.0
0,2,1,23042915,0.004339728719218033,0.008679457438436067,2.0,0.0
0,0,0,23042915,0.0,0.0,0.0,0.0
0,0,1,23042915,0.004339728719218033,0.0,0.0,0.0
0,0,0,23042915,0.0,0.0,0.0,0.0
0,0,1,31925105,0.0031323311231082874,0.0,0.0,0.0
0,0,0,31925105,0.0,0.0,0.0,0.0
0,0,1,31925105,0.0031323311231082874,0.0,0.0,0.0
0,1,0,31925105,0.0,0.0031323311231082874,inf,0.0
0,1,0,31925105,0.0,0.0031323311231082874,inf,0.0
0,0,0,33859513,0.0,0.0,0.0,0.0
0,0,2,33859513,0.005906759497692716,0.0,0.0,0.0
0,0,0,33859513,0.0,0.0,0.0,0.0
0,0,0,33859513,0.0,0.0,0.0,0.0
0,0,6,33859513,0.01772027849307815,0.0,0.0,0.0
0,0,1,33859513,0.002953379748846358,0.0,0.0,0.0
0,0,1,33859513,0.002953379748846358,0.0,0.0,0.0
0,0,0,33859513,0.0,0.0,0.0,0.0
0,1,0,33859513,0.0,0.002953379748846358,inf,0.0
0,1,2,33859513,0.005906759497692716,0.002953379748846358,0.5,0.0
0,1,0,33859513,0.0,0.002953379748846358,inf,0.0
2,2,0,33859513,0.0,0.005906759497692716,inf,0.005906759497692716
0,1,6445,33859513,19.034532481314777,0.002953379748846358,0.0001551590380139643,0.0
2,2,2,33859513,0.005906759497692716,0.005906759497692716,1.0,0.005906759497692716
1,3,60,37424800,0.16032149804407772,0.008016074902203886,0.05,0.0026720249674012956
3,8,93,48471018,0.19186723084710125,0.01650470802985817,0.08602150537634409,0.006189265511196815
3,30,203,67924579,0.29886088804466493,0.04416663370118201,0.1477832512315271,0.004416663370118201
3,40,260,87172991,0.29825751877665874,0.045885772119485954,0.15384615384615385,0.003441432908961447
2,59,305,170005231,0.1794062442702131,0.03470481446538548,0.19344262295081968,0.001176434388657135
4,59,519,181933645,0.2852688407358628,0.032429405786928524,0.11368015414258188,0.002198603782164646
6,123,782,188547041,0.41475060857624385,0.06523570953309206,0.15728900255754474,0.003182229733321564
1,132,752,189891253,0.39601613456097423,0.0695134704282561,0.17553191489361702,0.0005266172002140614
4,161,1048,189891253,0.5518948258243365,0.08478536923446389,0.15362595419847327,0.0021064688008562457
4,253,1896,189891253,0.9984662116058605,0.13323415165415756,0.13343881856540085,0.0021064688008562457
2,355,3064,189891253,1.6135551014558844,0.18694910607599183,0.11586161879895561,0.0010532344004281228
4,389,3900,189891253,2.0538070808348396,0.20485409088326992,0.09974358974358974,0.0021064688008562457
9,624,5882,189891253,3.0975623716591096,0.32860913293357435,0.10608636518191092,0.004739554801926553
5,779,8180,189891253,4.307728697751023,0.4102347989667539,0.09523227383863081,0.0026330860010703072
5,949,7498,189891253,3.948575767205033,0.4997597230031443,0.12656708455588156,0.0026330860010703072
12,1073,7737,189891253,4.074437278056194,0.565060255829688,0.1386842445392271,0.006319406402568737
20,1556,20096,189891253,10.58289925550178,0.8194163635330797,0.07742834394904459,0.010532344004281229
16,1914,18876,189891253,9.940426271240625,1.0079453212097136,0.10139860139860139,0.008425875203424983
23,2966,22504,189891253,11.850993473617239,1.5619466158349065,0.1317987913259865,0.012112195604923413
45,4088,28188,189891253,14.844285639633965,2.1528111144750834,0.1450262523059458,0.023697774009632765
60,5390,34411,189891253,18.12142447656607,2.8384667091537916,0.1566359594315771,0.03159703201284369
48,5985,35984,189891253,18.94979333250279,3.151803943281158,0.1663239217429969,0.025277625610274947
131,7979,36517,189891253,19.230480300216882,4.201878640507996,0.21850097214995756,0.06898685322804206
74,9763,42055,189891253,22.146886355002355,5.141363725689882,0.2321483771251932,0.038969672815840545
210,9358,52356,189891253,27.571570134407402,4.928083759603187,0.1787378714951486,0.1105896120449529
194,10430,57673,189891253,30.371593787945567,5.492617398232661,0.1808471901929846,0.10216373684152792
264,14579,68078,189891253,35.85104575617288,7.677552161920802,0.21415141455389405,0.1390269408565122
333,16051,63709,189891253,33.55025520843764,8.4527326806359,0.25194242571693165,0.17536352767128247
468,16382,70027,189891253,36.87742267939008,8.627042973906754,0.23393833806960174,0.24645684970018075
463,16466,53843,189891253,28.354649911125712,8.671278818724735,0.30581505488178595,0.24382376369911046
498,17362,63329,189891253,33.3501406723563,9.143127830116535,0.2741556001200082,0.26225536570660263
758,19929,74111,189891253,39.02812732506431,10.494954183066032,0.26890744963635627,0.39917583776225857
865,20600,71908,189891253,37.86798963299273,10.848314324409666,0.2864771652667297,0.45552387818516316
1009,20788,82832,189891253,43.62075592813114,10.947318358049909,0.25096581031485415,0.531356755015988
1101,25868,87838,189891253,46.257001632402726,13.622533735137342,0.2944966870830392,0.5798055374356816
1306,25576,165041,189891253,86.91342934052891,13.468761512674837,0.15496755351700486,0.6877620634795643
1141,20852,78059,189891253,41.10721203150942,10.98102185886361,0.26713127249900714,0.6008702254442442
1147,22554,80847,189891253,42.57542078570623,11.877324333627943,0.27897139040409663,0.6040299286455285
1738,23488,104707,189891253,55.140507182813735,12.369184798627876,0.2243212010658313,0.9152606939720389
1756,25214,107266,189891253,56.488120598161515,13.278126086197346,0.23506050379430574,0.9247398035758919
1773,28346,114427,189891253,60.25922636889442,14.927491157267784,0.247721254599002,0.933692295979531
1791,26787,94268,189891253,49.643150229779145,14.106494942134063,0.2841579327025077,0.943171405583384
1827,25503,99069,189891253,52.171439408006854,13.43031845705921,0.25742664203736787,0.9621296247910903
1569,22724,94926,189891253,49.98966434752,11.966849257664332,0.2393864694604218,0.8262623871358624
1481,19929,67704,189891253,35.65409092329282,10.494954183066032,0.29435483870967744,0.7799200735170251
1917,21160,96542,189891253,50.840677743065925,11.14321995652954,0.21917921733546022,1.0095251728103558
2131,25000,104174,189891253,54.859820215099646,13.165430005351535,0.23998310518939467,1.122221253656165
1920,25606,125243,189891253,65.95511800640969,13.484560028681258,0.20445054813442667,1.011105024410998
1817,25470,103490,189891253,54.49961405015323,13.412940089452146,0.24611073533674752,0.9568634527889496
1617,21601,103095,189891253,54.29160025606866,11.375458141823943,0.209525195208303,0.8515400127461373
1593,21205,100132,189891253,52.731233491834395,11.166917730539172,0.2117704629888547,0.8389011999409999
1628,20134,93634,189891253,49.309274924843436,10.602910709109914,0.21502872888053484,0.857332801948492
2086,20697,99230,189891253,52.25622477724132,10.89939619283043,0.2085760354731432,1.0985234796465322
1710,24117,267395,189891253,140.81480625123896,12.70042701756252,0.09019241197479384,0.9005154123660452
1472,25682,142683,189891253,75.13932197814293,13.524582935897527,0.17999341196919044,0.7751805187150984
1653,27457,157282,189891253,82.82740648406802,14.459328466277487,0.17457178825294695,0.8704982319538436
1326,28561,161638,189891253,85.12135100820048,15.04071385531381,0.17669731127581387,0.6982944074838455
1049,21812,130286,189891253,68.61084854708922,11.486574371069109,0.16741629952565892,0.5524214430245504
1132,17372,139549,189891253,73.48890367267205,9.148394002118676,0.12448673942486152,0.5961306706423175
1695,19813,141386,189891253,74.45629946946529,10.4338665878412,0.14013410097180767,0.8926161543628341
2094,20568,159281,189891253,83.88011426729592,10.831462574002815,0.12913027919211958,1.1027364172482448
1746,23488,179741,189891253,94.65470218367562,12.369184798627876,0.13067691845488785,0.9194736315737513
1481,24265,174615,189891253,91.95526241537834,12.7783663631942,0.13896286115167655,0.7799200735170251
1216,21382,172208,189891253,90.6876948144631,11.260128974977063,0.1241638019139645,0.6403665154602988
1113,19932,159460,189891253,83.97437874613425,10.496534034666672,0.12499686441740876,0.5861249438382504
807,16250,157720,189891253,83.05806481776177,8.557529503478499,0.10303068729393862,0.42498008057274755
2008,16809,162590,189891253,85.62269058280425,8.85190851839816,0.10338274186604342,1.0574473380298353
1472,18532,175813,189891253,92.58614982123478,9.759269954366987,0.10540744996103815,0.7751805187150984
2362,20844,202339,189891253,106.55519767411299,10.976808921261897,0.10301523680555899,1.2438698269056132
1447,20317,204733,189891253,107.81591925142546,10.699281656749086,0.09923656665022249,0.762015088709747
1141,18173,194782,189891253,102.57555149209533,9.570214379490139,0.09329917548849483,0.6008702254442442
888,16110,190558,189891253,100.35112043839112,8.48380309544853,0.08454118955908438,0.4676360737900866
745,12866,281003,189891253,147.98101311175193,6.775456897954115,0.04578598804994964,0.39232981415947576
1075,16434,209966,189891253,110.57170706014563,8.654427068317887,0.07826981511292304,0.566113490230116
1422,15130,220468,189891253,116.1022408967937,7.96771823923875,0.06862673948146669,0.7488496587043955
1497,19150,252058,189891253,132.7380782515559,10.084719384099277,0.07597457727983242,0.78834594872045
1197,18319,255795,189891253,134.70604672875584,9.647100490721392,0.07161594245391818,0.6303607886562316
969,16827,265699,189891253,139.9216634796759,8.861387628002012,0.06333106259338575,0.5102920670074256
752,14496,236912,189891253,124.76193413711373,7.633842934303035,0.06118727628824205,0.39601613456097423
657,14699,241385,189891253,127.11749287367122,7.740746225946489,0.06089442177434389,0.34598750054063837
933,14419,235917,189891253,124.23795002290073,7.593293409886552,0.061118952852062376,0.4913338477997194
1073,15677,260967,189891253,137.42971088826297,8.255777847755843,0.060072729502197594,0.565060255829688
1063,18293,278265,189891253,146.5391352175658,9.633408443515826,0.06573949292940183,0.5597940838275474
993,16461,277475,189891253,146.1231076293967,8.668645732723666,0.0593242634471574,0.522930879812563
785,15009,292184,189891253,153.86912002734533,7.903997558012848,0.051368315855762126,0.41339450216803825
559,14014,283478,189891253,149.28439068228172,7.380013443799858,0.04943593506374393,0.2943790149196604
445,12365,255339,189891253,134.46590928545822,6.511621680646869,0.04842581822596626,0.23434465409525734
508,12000,218859,189891253,115.25491382164928,6.319406402568737,0.05482982194015325,0.26752153770874326
1007,12354,267896,189891253,141.0786414685462,6.505828891444516,0.04611491026368442,0.5303035206155599
933,15640,328550,189891253,173.02008113032988,8.236293011347922,0.04760310455029676,0.4913338477997194
840,15658,324890,189891253,171.09266217754643,8.245772120951774,0.04819477361568531,0.4423584481798116
708,14908,323267,189891253,170.237962461599,7.850809220791229,0.046116677545187106,0.3728449777515555
522,13502,287786,189891253,151.5530575808039,7.110385437290258,0.04691680623796849,0.2748941785117401
518,13902,294307,189891253,154.98712834339977,7.321032317375883,0.047236389212624914,0.27278770971088384
632,12946,292252,189891253,153.90492999695988,6.81758627397124,0.04429738718640078,0.33282207053528684
709,12020,332176,189891253,174.9295950983061,6.329938746573019,0.036185636530032275,0.3733715949517696
660,11974,324313,189891253,170.78880405302291,6.305714355363173,0.03692112249586048,0.3475673521412806
560,14047,367519,189891253,193.54182680547166,7.397391811406922,0.03822115319207987,0.2949056321198744
512,13049,351128,189891253,184.91004427676296,6.8718278455932875,0.03716308582625139,0.26962800650959945
362,11363,273929,189891253,144.25572303743763,5.9839512460323805,0.041481551788967216,0.19063542647749027
517,9820,281569,189891253,148.27907844707306,5.171380906102083,0.03487599842312186,0.27226109251066977
642,9014,286120,189891253,150.67571332524727,4.74692744272955,0.03150426394519782,0.3380882425374274
643,10826,311554,189891253,164.0696951954917,5.701157809517429,0.034748390327198495,0.3386148597376415
648,12041,343567,189891253,180.92829162594447,6.340997707777514,0.03504702139611779,0.34124794573871187
548,11145,356104,189891253,187.53049146502815,5.8691486963857145,0.03129703682070406,0.2885862257173057
498,12736,337769,189891253,177.87496509910332,6.706996661926286,0.03770624302407859,0.26225536570660263
290,10465,307650,189891253,162.013781645856,5.5110490002401535,0.03401592718998862,0.15271898806207782
296,8430,290300,189891253,152.87697322214203,4.439382997804539,0.029038925249741648,0.15587869126336218
443,10137,310614,189891253,163.5746750272905,5.338318558569941,0.03263536093028647,0.23329141969482922
542,11952,361949,189891253,190.60856900027932,6.294128776958463,0.03302122674741469,0.2854265225160213
450,13353,360718,189891253,189.96030322681582,7.0319194744583635,0.03701783664801867,0.23697774009632766
405,15315,410062,189891253,215.94570235417848,8.06514242127835,0.037348010788612454,0.2132799660866949
415,15753,394869,189891253,207.94480723132625,8.29580075497211,0.03989424340730723,0.21854613808883552
216,13732,348950,189891253,183.76307201469675,7.231507393339491,0.03935234274251325,0.11374931524623727
166,12596,328347,189891253,172.91317783868644,6.633270253896318,0.038361854988777117,0.08741845523553421
442,15938,351253,189891253,184.97587142678975,8.393224937011713,0.04537470142603764,0.23276480249461515
468,17033,387534,189891253,204.08207006775612,8.969870771246109,0.043952272574793436,0.24645684970018075
440,17704,437982,189891253,230.64885458415506,9.323230912589743,0.04042175249211155,0.23171156809418705
416,17796,401717,189891253,211.55108181839213,9.371679695009437,0.044299842924247664,0.21907275528904954
318,18341,425652,189891253,224.1556645055157,9.658686069126102,0.043089190230516945,0.16746426966807154
162,18741,379844,189891253,200.03238379810995,9.869332949211726,0.04933867587746549,0.08531198643467797
218,16882,367534,189891253,193.54972606347485,8.890351574013785,0.04593316536701367,0.11480254964666539
293,22777,409312,189891253,215.55073945401793,11.994759969275679,0.05564703697912595,0.15429883966272
435,22653,424896,189891253,223.75754190215386,11.929459436449134,0.05331422277451423,0.2290784820931167
431,22142,455543,189891253,239.8967792371142,11.660358047139749,0.04860572986523775,0.2269720132922605
372,22202,466310,189891253,245.566866631819,11.691955079152592,0.04761210353627415,0.19590159847963085
181,22738,415264,189891253,218.685165029692,11.974221898467329,0.054755529012868925,0.09531771323874513
106,21227,417929,189891253,220.0885998682625,11.178503308943883,0.050790923817203404,0.055821423222690514
96,16617,359111,189891253,189.11402938607182,8.75079801595706,0.04627260095068099,0.05055525122054989
531,21089,423055,189891253,222.78803963655977,11.105830135314342,0.04984931037335571,0.27963373331366664
443,27371,448694,189891253,236.2899780328481,14.414039387059077,0.06100148430779106,0.23329141969482922
471,22942,458106,189891253,241.24649912126284,12.081651807310998,0.0500801124630544,0.24803670130082295
453,27714,506972,189891253,266.98017522692317,14.5946690867325,0.054665740908768135,0.23855759169696986
392,24607,487603,189891253,256.78012667597704,12.95846944566741,0.050465235037520276,0.2064339424839121
246,22854,470257,189891253,247.6454247210639,12.03530949369216,0.048598957591274555,0.12954783125265912
172,21636,434345,189891253,228.73354782697652,11.393889743831433,0.0498129367208095,0.09057815843681857
290,24794,484135,189891253,254.95381822563465,13.05694686210744,0.05121298811281977,0.15271898806207782
452,30015,537652,189891253,283.1367909294906,15.806415264425056,0.0558260733708793,0.23803097449675578
389,26782,529188,189891253,278.67950294687876,14.103861856132994,0.050609613218742674,0.20485409088326992
416,29998,540395,189891253,284.58130190967773,15.797462772021415,0.05551124640309403,0.21907275528904954
458,27592,531559,189891253,279.92811232858634,14.530421788306384,0.05190769039749115,0.24119067769804015
209,25094,452861,189891253,238.4843919061401,13.214932022171658,0.05541214633187667,0.11006299484473885
122,20467,434208,189891253,228.66140127054717,10.778274236781197,0.04713639546024025,0.0642472984261155
481,26609,490416,189891253,258.2615008601791,14.012757080495962,0.054258017682946726,0.2533028733029636
441,29387,534191,189891253,281.31416879954975,15.475699662690625,0.055012158572495605,0.23223818529440113
439,30937,519022,189891253,273.3259124895026,16.291956323022422,0.0596063365329408,0.23118495089397298
555,31518,604331,189891253,318.251099222564,16.59792091634679,0.0521535383754929,0.2922725461188041
494,29934,513708,189891253,270.5274686875651,15.763759271207716,0.05827045714686164,0.2601488969057464
166,25386,541407,189891253,285.1142385162944,13.368704244634165,0.046888939374629436,0.08741845523553421
149,22859,479527,189891253,252.52716616704828,12.037942579693231,0.04766989137212295,0.07846596283189516
451,23097,498348,189891253,262.4386284922771,12.163277473344177,0.04634713092056154,0.2375043572965417
568,26776,568084,189891253,299.16280556640487,14.10070215293171,0.0471338745678456,0.2991185697215869
576,28969,527413,189891253,277.74475741649877,15.255573673001146,0.05492659452838667,0.3033315073232994
457,29071,631351,189891253,332.4802959723479,15.30928862742298,0.046045701994611554,0.2406640604978261
519,25453,471637,189891253,248.37215645735932,13.403987597048506,0.05396735201012643,0.2733143269110979
264,24367,523291,189891253,275.5740413172164,12.832081317616035,0.04656491321272485,0.1390269408565122
127,18825,480943,189891253,253.27285612255136,9.913568794029707,0.039141852568807534,0.06688038442718582
412,19074,479621,189891253,252.57666818386838,10.044696476883008,0.03976890086130507,0.21696628648819333
534,21837,525500,189891253,276.7373387124893,11.49973980107446,0.0415547098001903,0.2812135849143088
494,21247,519905,189891253,273.79091547729166,11.189035652948164,0.04086708148604072,0.2601488969057464
534,27080,527060,189891253,277.55886154482323,14.260793781796783,0.05137934959966607,0.2812135849143088
465,25692,513121,189891253,270.21834439103947,13.529849107899667,0.05007006144749484,0.24487699809953858
222,22531,525176,189891253,276.56671473961995,11.865212138023018,0.04290180815574207,0.11690901844752165
153,19488,502304,189891253,264.52192613632394,10.26271599777163,0.03879722239918456,0.0805724316327514
464,27188,552513,189891253,290.96284914187174,14.317668439419904,0.049207891941004105,0.2443503808993245
624,25677,515001,189891253,271.20838472744185,13.521949849896455,0.04985815561523182,0.32860913293357435
485,23599,632825,189891253,333.25652972546345,12.427639307851637,0.037291510291154746,0.2554093421038198
454,24981,586123,189891253,308.6624532410663,13.15542427854747,0.04262074683982713,0.23908420889718388
499,28364,584568,189891253,307.8435634947335,14.93697026687164,0.048521301200202545,0.26278198290681665
199,20153,511009,189891253,269.1061288641873,10.61291643591398,0.03943766156760448,0.10479682284259823
111,17166,488613,189891253,257.3120100481932,9.03991085887458,0.03513209840917045,0.058454509223760824
371,17119,477583,189891253,251.5034223298321,9.015159850464519,0.035845078237709466,0.19537498127941683
593,19580,533244,189891253,280.815462310947,10.311164780191323,0.036718650373937636,0.31228399972693843
469,19225,538280,189891253,283.467506531225,10.124215674115332,0.03571561269227911,0.24698346690039483
380,19888,569936,189891253,300.1381006212014,10.473362877857255,0.0348951461216698,0.20011453608134336
503,22295,582599,189891253,306.806654227512,11.740930478772501,0.03826817416439095,0.2648884517076729
272,17924,487267,189891253,256.6031832967051,9.439086696636837,0.03678476071640394,0.14323987845822472
121,16381,486075,189891253,255.97545559404995,8.62651635670654,0.03370056061307412,0.06372068122590144
443,16595,481270,189891253,253.44505994702138,8.73921243755235,0.0344816838780726,0.23329141969482922
513,17903,473044,189891253,249.1131068580605,9.428027735432343,0.03784637369885254,0.2701546237098135
422,17880,549031,189891253,289.1291680507264,9.41591553982742,0.03256646710295047,0.22223245849033396
449,21255,598973,189891253,315.429484263817,11.193248590549876,0.03548573975788558,0.23645112289611359
420,18966,624722,189891253,328.98935055212894,9.98782181925989,0.03035910372933881,0.2211792240899058
220,18073,571644,189891253,301.03756279916695,9.517552659468732,0.03161583083177642,0.11585578404709353
123,14374,474693,189891253,249.9814986212135,7.56959563587692,0.030280623476647013,0.06477391562632956
379,16105,471677,189891253,248.39322114536787,8.48117000944746,0.03414412829118231,0.19958791888112928
422,8445,538500,189891253,283.5833623152721,4.447282255807749,0.015682451253481895,0.22223245849033396
466,20197,614070,189891253,323.3798241354487,10.636087592723399,0.03289038708941977,0.24540361529975266
445,24195,749623,189891253,394.76436547606545,12.741503159179217,0.03227622418202216,0.23434465409525734
394,20564,648996,189891253,341.772456470125,10.82935610520196,0.03168586555233006,0.2074871768843402
192,15898,532821,189891253,280.5927032352564,8.37216024900315,0.02983741256444472,0.10111050244109979
92,12457,484061,189891253,254.91484855281882,6.560070463066563,0.025734359925711842,0.04844878241969365
113,11485,385027,189891253,202.76184074681942,6.048198544458496,0.029829076921878205,0.059507743624188945
416,12611,476535,189891253,250.9515275040078,6.6411695118995295,0.026463953329765914,0.21907275528904954
431,17071,533724,189891253,281.0682385670497,8.989882224854243,0.031984696210026156,0.2269720132922605
332,18314,579045,189891253,304.9350566979512,9.644467404720322,0.031627939106632474,0.17483691047106842
352,19749,639746,189891253,336.901247368145,10.4001630870275,0.030870064056672492,0.18536925447534963
207,15430,532275,189891253,280.3051702439396,8.125703399302969,0.028988774599596073,0.10900976044431072
197,14109,494839,189891253,260.59072873672596,7.430042077820193,0.02851230400190769,0.1037435884421701
374,14422,523044,189891253,275.44396686876354,7.594873261487195,0.027573206078264925,0.196954832880059
428,16664,546439,189891253,287.7641762677716,8.775549024367121,0.030495627142279377,0.22539216169161833
366,20267,647493,189891253,340.9809508182033,10.672950796738384,0.031300724486596765,0.19274189527834648
361,20616,660323,189891253,347.7374494969497,10.85674019961309,0.031221084226961654,0.1901088092772762
367,21590,753590,189891253,396.8534559093146,11.369665352621587,0.028649530912034395,0.19326851247856056
191,16602,690106,189891253,363.42168957092514,8.742898757953848,0.02405717382547029,0.10058388524088574
124,14996,520557,189891253,274.1342698918312,7.897151534410066,0.02880760416246444,0.06530053282654362
375,14278,564678,189891253,297.36914738247583,7.519040384656369,0.02528520679041861,0.19748145008027304
451,17123,558686,189891253,294.21365711879315,9.017266319265374,0.03064870070128838,0.2375043572965417
353,19340,665302,189891253,350.3594765368155,10.184776652139949,0.029069505277302638,0.18589587167556368
304,20598,713891,189891253,375.94727967801657,10.847261090009239,0.028853144247511175,0.1600916288650747
390,22173,752350,189891253,396.20045058104915,11.676683180346386,0.029471655479497573,0.205380708083484
171,17300,647444,189891253,340.9551465753928,9.110477563703263,0.026720457676648483,0.09005154123660451
115,15917,600258,189891253,316.1061873660921,8.382165975807215,0.02651693105298055,0.060560978024617074
222,16836,569714,189891253,300.0211916027538,8.86612718280394,0.029551669785190464,0.11690901844752165
439,19945,633091,189891253,333.39660990072036,10.503380058269457,0.031504159749546276,0.23118495089397298
348,21035,664830,189891253,350.11091321831447,11.077392806502782,0.031639667283365674,0.1832627856744934
348,23596,784202,189891253,412.9742616422675,12.426059456250993,0.03008918620457484,0.1832627856744934
321,21335,769877,189891253,405.430470249201,11.235377966567,0.027712218964847633,0.1690441212687137
182,19273,695418,189891253,366.2190801384622,10.149493299725606,0.027714266815066623,0.0958443304389592
160,17259,582347,189891253,306.67394669305804,9.088886258494487,0.029636969023623373,0.08425875203424983
258,17006,597708,189891253,314.76331350554625,8.95565210684033,0.028452020049924042,0.13586723765522785
304,20783,702587,189891253,369.9943988467968,10.94468527204884,0.029580678264755824,0.1600916288650747
387,26849,805673,189891253,424.2812595480636,14.139145208547337,0.03332493455781688,0.2038008564828418
302,26527,820522,189891253,432.1009983540422,13.96957447007841,0.03232941956461862,0.15903839446464654
327,27533,873465,189891253,459.9816927849752,14.499351373493754,0.03152158357804835,0.1722038244699981
167,21301,729601,189891253,384.2204358933795,11.217472981759723,0.029195409545765424,0.08794507243574826
123,22011,660867,189891253,348.0239292538662,11.591371193911707,0.03330624770188253,0.06477391562632956
289,22899,705456,189891253,371.50526359421093,12.059007267701794,0.03245985575287474,0.15219237086186377
282,23925,653268,189891253,344.0221651494395,12.599316515121421,0.036623560315215194,0.14850605046036533
407,29861,770585,189891253,405.8033152269526,15.72531621559209,0.03875107872590305,0.214333200487123
408,32595,833998,189891253,439.19769174412687,17.165087640977333,0.03908282753675668,0.21485981768733708
270,24040,863317,189891253,454.6375814372029,12.659877493146038,0.02784608666341564,0.14218664405779657
198,21319,730535,189891253,384.71229635837943,11.226952091363575,0.029182722251500613,0.10427020564238418
244,33216,769677,189891253,405.3251468091582,17.492116922310267,0.04315576534052596,0.128494596852231
320,28142,680165,189891253,358.1865879835971,14.820061248424116,0.04137525453382635,0.16851750406849966
467,30327,703041,189891253,370.23348305569397,15.970719830891841,0.04313688675340414,0.24593023249996668
486,32637,822953,189891253,433.38120476776254,17.187205563386325,0.03965840090503346,0.25593595930403384
407,37672,924037,189891253,486.61377783420073,19.838723166464124,0.04076893024846408,0.214333200487123
394,42177,881674,189891253,464.30469338153245,22.21113365342847,0.04783740929186978,0.2074871768843402
178,31077,841587,189891253,443.19418967655133,16.365682731052388,0.03692666355350071,0.09373786163810295
174,32539,772329,189891253,406.72173562412587,17.135597077765347,0.04213100893531125,0.0916313928372467
397,35815,752630,189891253,396.34790339710906,18.86079502566661,0.047586463468105175,0.20906702848498238
471,38978,723146,189891253,380.8211218659977,20.526485229943688,0.05390059545375346,0.24803670130082295
519,45081,944314,189891253,497.2919948029412,23.740430002850104,0.04773941718538537,0.2733143269110979
344,48387,905332,189891253,476.76340310419675,25.481426466757792,0.05344669137951602,0.18115631687363715
422,49637,1040823,189891253,548.1152941784001,26.139697967025366,0.04769014520240233,0.22223245849033396
203,37272,761840,189891253,401.19804781108064,19.628076286378498,0.04892365851097343,0.10690329164345448
147,42906,824548,189891253,434.22115920210393,22.59503759238452,0.0520357820284568,0.07741272843146703
880,75163,852028,189891253,448.69259986398635,39.582128619689506,0.08821658443149756,0.4634231361883741
528,54056,871955,189891253,459.186500812652,28.466819374771305,0.06199402492101083,0.2780538817130244
597,60951,890101,189891253,468.7424965277363,32.09784497024726,0.06847649873441329,0.31439046852779473
526,67489,1102377,189891253,580.5306893203764,35.5408682252468,0.061221342607837424,0.2770006473125963
595,72859,1179263,189891253,621.0201793760348,38.36880259039631,0.06178350376463944,0.3133372341273666
235,56019,841432,189891253,443.11256401051816,29.500568938791506,0.06657578984398026,0.12375504205030444
298,64614,876634,189891253,461.65054269245354,34.02684377463137,0.07370692900343816,0.15693192566379033
622,75346,930866,189891253,490.21004669446256,39.67849956732867,0.08094183265905082,0.32755589853314626
784,78595,990600,189891253,521.6669985320493,41.38947885082416,0.07934080355340198,0.4128678849678242
555,84033,1048490,189891253,552.1528682524413,44.25322318558823,0.0801466871405545,0.2922725461188041
637,92907,1155155,189891253,608.3244919132742,48.92642422028781,0.08042816764849739,0.33545515653635716
785,89406,1239753,189891253,652.8752538169833,47.082737402338374,0.07211597794076724,0.41339450216803825
338,72870,1076422,189891253,566.8623398888204,38.37459537959866,0.06769649821352593,0.17799661367235278
310,84635,977598,189891253,514.819921694866,44.57024674011709,0.08657444061874103,0.16325133206635906
744,89685,1097825,189891253,578.133527825002,47.229663601198105,0.08169334821123585,0.3918031969592617
942,88515,1130811,189891253,595.5045227912631,46.61352147694765,0.07827568002079924,0.4960734026016459
1079,106195,1185038,189891253,624.061393707271,55.92411357673225,0.08961316008431797,0.5682199590309723
935,104295,1261075,189891253,664.1037857599475,54.92354089632554,0.08270324921198184,0.49238708220014743
932,104943,1432711,189891253,754.4902555358882,55.264788842064256,0.0732478497059072,0.4908072305995053
421,82866,1259451,189891253,663.2485594267999,43.63866091293842,0.06579533463390001,0.2217058412901199
422,84120,1128663,189891253,594.3733490452033,44.299038882006855,0.07453066149949099,0.22223245849033396
1040,92470,1251115,189891253,658.8586784458155,48.69629250379426,0.0739100722155837,0.547681888222624
1190,100217,1273002,189891253,670.3847491069006,52.77599595385259,0.07872493523183781,0.6266744682547332
852,84271,1007606,189891253,530.6226506388896,44.37855807923918,0.08363487315478471,0.44867785458238035
786,101252,1197777,189891253,630.769970220798,53.32104475607415,0.08453326453922558,0.4139211193682523
747,91119,1214832,189891253,639.7514265704488,47.98483266630507,0.07500543284997432,0.3933830485599039
488,78913,920149,189891253,484.5662901597684,41.556943120492235,0.08576111042885445,0.256989193704462
560,81419,1028824,189891253,541.7964143930316,42.87664582422867,0.07913792835314884,0.2949056321198744
1377,99652,903515,189891253,475.8065396514077,52.47845723573165,0.11029368632507484,0.7251518846947627
1532,109841,1042446,189891253,548.9699938943475,57.844159888712724,0.10536852748247871,0.8067775507279422
1681,124668,1231248,189891253,648.3963745291628,65.65231311628662,0.10125336244201005,0.8852435135598373
1258,128708,1245700,189891253,656.0070463066563,67.77984660515142,0.103321827085173,0.6624844378692893
1502,128455,1618270,189891253,852.2088165904094,67.64661245349727,0.07937797771694464,0.7909790347215203
611,107422,1162053,189891253,611.9570973603508,56.570272881394914,0.09244156677879581,0.32176310933079155
672,108292,1110300,189891253,584.7030773976725,57.02842984558114,0.0975339998198685,0.3538867585438493
1321,117465,1133589,189891253,596.9674653734577,61.859089423144724,0.10362221228328786,0.6956613214827753
1926,121822,1292529,189891253,680.6680031754806,64.1535605644774,0.09425088334575085,1.0142647276122825
1855,128006,1367664,189891253,720.2353865135642,67.41016133060116,0.09359462558055195,0.976874906397084
1368,134700,1340573,189891253,705.968799942565,70.93533686883409,0.10047942185916023,0.7204123298928361
1548,133118,1446837,189891253,761.929250106112,70.10222845809544,0.09200621770109556,0.8152034259313672
889,105220,1179446,189891253,621.1165503236739,55.41066180652354,0.08921137551019716,0.4681626909903006
735,121704,1350761,189891253,711.3339759783458,64.09141973485214,0.09010032122633094,0.3870636421573352
1694,110098,1272140,189891253,669.9308050803161,57.97950050916774,0.08654550599776754,0.8920895371626201
1986,137392,1292345,189891253,680.5711056106413,72.35299037181034,0.10631216896416978,1.045861759625126
2101,139951,1297591,189891253,683.3337394429643,73.70060378715812,0.10785447802890125,1.106422737649743
1703,132110,1460956,189891253,769.3645583559344,69.57139832027966,0.09042709020668659,0.8968290919645466
1678,124321,1354826,189891253,713.474674897216,65.46957694781233,0.09176159890642784,0.8836636619591951
868,114442,1210257,189891253,637.3421528794694,60.267125626897624,0.09456008104063848,0.4571037297858054
753,107255,1341658,189891253,706.5401796047973,56.48232780895916,0.07994213130320842,0.3965427517611883
1702,109685,1200007,189891253,631.9443265772753,57.76200760547934,0.0914036334788047,0.8963024747643326
1939,122864,1239518,189891253,652.751498774933,64.70229568710045,0.09912240080418357,1.0211107512150652
1808,126480,1386035,189891253,729.9098710986967,66.60654348307449,0.0912531068840253,0.9521238979870231
1199,103320,1137944,189891253,599.26088328039,54.41008912611683,0.09079532911988639,0.6314140230566597
814,96867,1320170,189891253,695.2242292065976,51.0118283331355,0.07337464114470106,0.428666400974246
900,99664,1006288,189891253,529.9285691690075,52.48477664213422,0.09904122875359737,0.4739554801926553
856,100485,1015812,189891253,534.9440713838462,52.91712936350997,0.09892086330935251,0.45078432338323665
1904,104500,1002774,189891253,528.0780363274553,55.03149742236942,0.10421091891094104,1.002679149207573
2267,118536,1034785,189891253,544.9355795235076,62.423096444573986,0.11455133191919094,1.1938411928852772
2003,125678,1211839,189891253,638.175261290208,66.18419648850282,0.10370849593056504,1.054814252028765
1801,132797,1096630,189891253,577.5042202707463,69.93318433682673,0.1210955381486919,0.9484375775855247
1391,150076,1144052,189891253,602.4774611392975,79.03260293932549,0.13117935198749708,0.7325245254977595
805,119827,1038422,189891253,546.8508862806862,63.10295925005035,0.11539335645816441,0.4239268461723195
841,106086,1067816,189891253,562.3302722637782,55.866712301908926,0.09934857690838123,0.4428850653800257
2071,117098,1201723,189891253,632.8480016928426,61.66582091066618,0.09744175654456143,1.0906242216433213
2288,128468,1111426,189891253,585.2960483651135,67.65345847710005,0.11558844223547046,1.2049001540897726
2519,146666,1265629,189891253,666.5020004897224,77.23683828659554,0.11588388066329074,1.3265487273392207
2112,168003,1411791,189891253,743.4734237074101,88.47326948756296,0.11899990862670183,1.1122155268520977
2280,161463,1496109,189891253,787.8767327950592,85.02919299816301,0.10792194953709923,1.2006872164880602
1206,135528,1406912,189891253,740.9040583875657,71.37137591061132,0.09633011872810808,0.6351003434581581
1006,120926,1109171,189891253,584.1085265786309,63.6817115530856,0.10902376639850843,0.5297769034153458
2309,126773,1450936,189891253,764.0878540097895,66.76084232273722,0.08737325423037268,1.215959115294268
2410,120983,1218432,189891253,641.6472484912193,63.71172873349779,0.09929401066288476,1.2691474525158881
2374,125422,1364705,189891253,718.6771262181308,66.04938248524802,0.09190411114489945,1.2501892333081819
2140,137023,1560771,189891253,821.9288541953008,72.15866862493134,0.08779186696831245,1.1269608084580915
2393,126830,1449440,189891253,763.3000346782693,66.79085950314942,0.08750275968649962,1.260194960112249
1084,113065,1311371,189891253,690.5905244619139,59.54197374220286,0.08621892660429428,0.5708530450320426
857,100778,1205918,189891253,635.0571608477405,53.071428203172694,0.08356952960317368,0.4513109405834506
1046,88375,1198214,189891253,631.0001019372914,46.539795068917684,0.07375560626065127,0.5508415914239083
2620,93729,1258081,189891253,662.5270938625066,49.35930355886377,0.07450156230004268,1.3797370645608409
2279,97796,1280328,189891253,674.2427467156689,51.50105571213435,0.07638355171487306,1.2001605992878461
2354,103335,1385276,189891253,729.5101686437342,54.417988384120044,0.0745952431140076,1.2396568893039006
2213,99763,1372059,189891253,722.5498691085049,52.53691174495541,0.07271043009083429,1.1654038640737179
1036,82888,1217306,189891253,641.0542775237783,43.650246491343125,0.0680913426862268,0.5455754194217677
976,87608,1168319,189891253,615.2568807368921,46.1358796763535,0.07498636930495867,0.513978387408924
2047,76709,1242896,189891253,654.5304116772561,40.39627881122044,0.061717955484610135,1.0779854088381837
2139,79887,1141330,189891253,601.0440091203149,42.069868273500724,0.06999465535822243,1.1264341912578775
2219,85274,1301141,189891253,685.2032305037242,44.90675513105388,0.0655378625375728,1.1685635672750023
1929,89652,1329149,189891253,699.9527250473196,47.21228523359104,0.06745067708736943,1.0158445792129247
1884,81261,1414022,189891253,744.6483066810877,42.79344030659485,0.057467988475426834,0.9921468052032918
973,65456,1134249,189891253,597.3150327255989,34.47025545721161,0.05770866890779714,0.5123985358082818
681,57795,1050996,189891253,553.4725709561777,30.43584108637168,0.05499069454117808,0.3586263133457758
1704,56673,936892,189891253,493.38344194295246,29.84497658773151,0.06049043006024173,0.8973557091647607
1757,50060,934498,189891253,492.12272036564,26.362457042715917,0.053568867991156746,0.925266420776106
2038,61809,1049936,189891253,552.9143567239508,32.54968252803093,0.058869302509867265,1.0732458540362573
1850,67937,1225196,189891253,645.2092872334673,35.776792730942695,0.05544990352563998,0.9742418203960137
1830,63905,1319063,189891253,694.6412639659605,33.653472179679596,0.04844726900837943,0.9637094763917324
842,56299,1078726,189891253,568.0756659181137,29.64802175485145,0.05219026889126618,0.4434116825802398
672,45747,926040,189891253,487.66859208622947,24.091157058192668,0.04940067383698328,0.3538867585438493
1577,50125,1182112,189891253,622.5205117794446,26.39668716072983,0.04240291952031618,0.8304753247375749
1790,46833,910264,189891253,479.36067913565245,24.663063337625143,0.051449909037378165,0.9426447883831701
1635,53660,1275779,189891253,671.8471650718951,28.25827896348654,0.042060576322388125,0.8610191223499906
1606,53897,1222535,189891253,643.8079588636976,28.383087239937268,0.04408626337896256,0.8457472235437827
1486,50357,1295934,189891253,682.4611347422095,26.518862351179497,0.03885768874032165,0.7825531595180952
833,38565,1005653,189891253,529.5941672468715,20.30899232625528,0.03834821752632369,0.43867212777831316
615,32862,866118,189891253,456.11263621500245,17.305694433434486,0.03794171233019057,0.3238695781316478
708,32742,783769,189891253,412.7462363945748,17.242500369408802,0.04177506382620389,0.3728449777515555
1380,37837,991055,189891253,521.9066093581467,19.925615004499445,0.03817850674281448,0.7267317362954048
1559,39996,1062903,189891253,559.7430019591266,21.062581539761602,0.03762902165108199,0.8209962151337219
1409,44101,1127285,189891253,593.6476705433083,23.224345146640324,0.03912142891992708,0.7420036351016126
1437,39627,1043719,189891253,549.64037759022,20.86825979288261,0.0379671156700223,0.7567489167076062
715,32403,910085,189891253,479.26641465681416,17.063977138536234,0.03560436662509546,0.376531298153054
752,29699,853713,189891253,449.5799498463471,15.64000422915741,0.034788037666054046,0.39601613456097423
1207,35420,904478,189891253,476.31367201521385,18.652781231582058,0.03916070927098282,0.6356269606583722
1262,38697,1005291,189891253,529.403531820394,20.378505796683534,0.03849333178154385,0.6645909066701455
2137,40618,1286846,189891253,677.6752376266642,21.390137438294747,0.03156399444844216,1.1253809568574493
1232,42967,1268787,189891253,668.1650576079984,22.62716124159758,0.033864628184242115,0.6487923906637237
1167,39866,1234239,189891253,649.971486575003,20.994121303733774,0.03230006506033272,0.6145622726498098
665,30780,992620,189891253,522.7307652764816,16.209277422588812,0.03100884527815277,0.35020043814235086
755,30709,892963,189891253,470.24967495474897,16.171887601373616,0.03439000272127737,0.39759598616161645
1093,28921,1002898,189891253,528.1433368602818,15.23029604739087,0.02883742913038016,0.5755925998339692
1423,35675,1032958,189891253,543.9734498987165,18.787068617636642,0.034536738182965813,0.7493762759046095
958,36116,1129805,189891253,594.9747458878477,19.019306802931045,0.03196657830333553,0.5044992778050709
1046,39809,1283118,189891253,675.7120087042662,20.964104123321572,0.031025205787776337,0.5508415914239083
1088,36779,1092025,189891253,575.0791480637605,19.368454006672966,0.033679631876559604,0.5729595138328989
560,27568,884394,189891253,465.7370921661147,14.517782975501246,0.031171627125466703,0.2949056321198744
